date,household_employment_total,household_employment_total_sa,household_employment_total_sa_stl,household_employment_seasonal_factor_stl,household_sa_gap_official_vs_stl,household_sa_gap_pct_official_vs_stl,household_employment_total_sa_stl_chained,household_employment_total_sa_spliced_chain,household_employment_total_sa_spliced,employment_blended_level
1975-01-01,3181.0,,3240.088479822124,0.9817633128878722,,,3254.1438550058824,3254.1438550058824,3254.1438550058824,
1975-04-01,3173.0,,3066.630735971795,1.0346860359744277,,,3079.9336583495488,3079.9336583495488,3079.9336583495488,
1975-07-01,3112.0,,3063.5098030044596,1.0158283146174316,,,3076.799186898912,3076.799186898912,3076.799186898912,
1975-10-01,2965.0,,3057.534753375881,0.9697355023442616,,,3070.7982177422728,3070.7982177422728,3070.7982177422728,
1976-01-01,3006.0,,3054.3485802662517,0.9841705754940273,,,3067.5982231401954,3067.5982231401954,3067.5982231401954,
1976-04-01,3058.0,,2970.8438648034116,1.0293371645104463,,,2983.731267537077,2983.731267537077,2983.731267537077,
1976-07-01,3060.0,,3011.037298897378,1.0162610742552245,,,3024.0990591523378,3024.0990591523378,3024.0990591523378,
1976-10-01,2951.0,,3036.182887838319,0.971944085391059,,,3049.3537286597452,3049.3537286597452,3049.3537286597452,
1977-01-01,3002.0,,3043.0670824994195,0.986504706802031,,,3056.2677866839613,3056.2677866839613,3056.2677866839613,
1977-04-01,3066.0,,2993.0606284657506,1.024369493501252,,,3006.0444066381083,3006.0444066381083,3006.0444066381083,
1977-07-01,3080.0,,3028.3445355770036,1.0170573274659298,,,3041.4813739375277,3041.4813739375277,3041.4813739375277,
1977-10-01,2979.0,,3057.229233390562,0.9744117213926405,,,3070.491372423388,3070.491372423388,3070.491372423388,
1978-01-01,3022.0,,3054.414906365185,0.989387523516325,,,3067.664836959112,3067.664836959112,3067.664836959112,
1978-04-01,3107.0,,3056.907738255689,1.0163865795219897,,,3070.1684826553837,3070.1684826553837,3070.1684826553837,
1978-07-01,3118.0,,3065.7724228842344,1.0170356992991127,,,3079.0716219338924,3079.0716219338924,3079.0716219338924,
1978-10-01,3001.0,,3074.844751963962,0.9759842340278171,,,3088.1833064169678,3088.1833064169678,3088.1833064169678,
1979-01-01,3050.0,,3079.4407453644963,0.9904395804956413,,,3092.799237054398,3092.799237054398,3092.799237054398,
1979-04-01,3133.0,,3080.179698581689,1.0171484480086121,,,3093.5413958213085,3093.5413958213085,3093.5413958213085,
1979-07-01,3158.0,,3101.4850817968254,1.018221889421578,,,3114.939200942941,3114.939200942941,3114.939200942941,
1979-10-01,3038.0,,3118.4629569784474,0.9741978795039434,,,3131.990725473026,3131.990725473026,3131.990725473026,
1980-01-01,3104.0,,3131.4003858597716,0.9912497980189637,,,3144.9842764071805,3144.9842764071805,3144.9842764071805,
1980-04-01,3217.0,,3160.922203529605,1.0177409606626127,,,3174.6341585499567,3174.6341585499567,3174.6341585499567,
1980-07-01,3239.0,,3182.7769758064105,1.0176647702999502,,,3196.5837359611955,3196.5837359611955,3196.5837359611955,
1980-10-01,3103.6863407,,3186.544229357837,0.973997571446064,,,3200.3673317089565,3200.3673317089565,3200.3673317089565,
1981-01-01,3186.7614803,,3212.930086732051,0.9918552207095587,,,3226.8676498848586,3226.8676498848586,3226.8676498848586,
1981-04-01,3282.7874399,,3225.517420465892,1.0177552968930605,,,3239.5095869726797,3239.5095869726797,3239.5095869726797,
1981-07-01,3308.5167832999996,,3253.7408258486466,1.016834763548528,,,3267.855424367427,3267.855424367427,3267.855424367427,
1981-10-01,3181.9423453,,3263.131551721076,0.975119235883012,,,3277.2868868358496,3277.2868868358496,3277.2868868358496,
1982-01-01,3230.6355782,,3256.4248854372495,0.9920804845361002,,,3270.5511272999597,3270.5511272999597,3270.5511272999597,
1982-04-01,3305.9117271,,3252.7333597299485,1.0163488246618733,,,3266.843587900705,3266.843587900705,3266.843587900705,
1982-07-01,3303.6530036,,3250.9665381091527,1.0162064004268372,,,3265.069101877867,3265.069101877867,3265.069101877867,
1982-10-01,3185.0703025000003,,3259.2887285892302,0.9772286433422683,,,3273.42739368983,3273.42739368983,3273.42739368983,
1983-01-01,3224.2073444,,3250.7248739509246,0.9918425795540504,,,3264.8263893901153,3264.8263893901153,3264.8263893901153,
1983-04-01,3296.3172633000004,,3248.3834024877888,1.014756220209568,,,3262.474760716736,3262.474760716736,3262.474760716736,
1983-07-01,3309.8909974000003,,3259.3959840222565,1.015492138305771,,,3273.5351143926664,3273.5351143926664,3273.5351143926664,
1983-10-01,3195.7698933,,3262.8168580120882,0.9794512019430534,,,3276.9708279980464,3276.9708279980464,3276.9708279980464,
1984-01-01,3240.2007327,,3270.1244444665635,0.9908493660486841,,,3284.310114472427,3284.310114472427,3284.310114472427,
1984-04-01,3326.1625907000002,,3281.72556204418,1.0135407509908123,,,3295.9615572374946,3295.9615572374946,3295.9615572374946,
1984-07-01,3342.7651244,,3291.3348821208197,1.0156259524239113,,,3305.6125621631063,3305.6125621631063,3305.6125621631063,
1984-10-01,3243.5752522,,3306.8587793733045,0.9808629483762547,,,3321.203801465525,3321.203801465525,3321.203801465525,
1985-01-01,3293.3104171,,3325.2778826608624,0.9903865280770804,,,3339.702806091848,3339.702806091848,3339.702806091848,
1985-04-01,3383.561351,,3339.6106364788484,1.013160430752338,,,3354.0977348268407,3354.0977348268407,3354.0977348268407,
1985-07-01,3417.9348833,,3367.0671068833713,1.015107443600587,,,3381.67331030987,3381.67331030987,3381.67331030987,
1985-10-01,3322.4626322,,3384.145677525263,0.9817729343819587,,,3398.8259671131336,3398.8259671131336,3398.8259671131336,
1986-01-01,3363.6742347,,3395.4127891162607,0.990652519623536,,,3410.141954986873,3410.141954986873,3410.141954986873,
1986-04-01,3468.1164854999997,,3423.554352489136,1.013016335779353,,,3438.4055953443512,3438.4055953443512,3438.4055953443512,
1986-07-01,3487.3630203999996,,3437.386384506815,1.0145391382587776,,,3452.2976301677477,3452.2976301677477,3452.2976301677477,
1986-10-01,3402.5002434,,3463.6688752068026,0.9823399308621404,,,3478.6941332688943,3478.6941332688943,3478.6941332688943,
1987-01-01,3453.9053556,,3484.2208673074024,0.9912991992006425,,,3499.3352790952476,3499.3352790952476,3499.3352790952476,
1987-04-01,3548.7523752,,3505.791719911175,1.0122541949782207,,,3520.9997052011845,3520.9997052011845,3520.9997052011845,
1987-07-01,3574.214757,,3525.0187113365632,1.0139562509286042,,,3540.310102552004,3540.310102552004,3540.310102552004,
1987-10-01,3483.4972877,,3544.3187464358034,0.9828397322343068,,,3559.6938604372326,3559.6938604372326,3559.6938604372326,
1988-01-01,3544.050119,,3570.489996762618,0.9925948881563634,,,3585.9786406088842,3585.9786406088842,3585.9786406088842,
1988-04-01,3638.4533322,,3601.3063351237006,1.010314867334112,,,3616.9286590222714,3616.9286590222714,3616.9286590222714,
1988-07-01,3665.5242841,,3615.8766870325994,1.01373044530126,,,3631.5622165392624,3631.5622165392624,3631.5622165392624,
1988-10-01,3578.3384042000002,,3637.9878367690876,0.9836037295215209,,,3653.769283565425,3653.769283565425,3653.769283565425,
1989-01-01,3639.8326288999997,,3661.397098081224,0.9941103167442478,,,3677.280093323712,3677.280093323712,3677.280093323712,
1989-04-01,3711.0464518,,3682.02588846101,1.0078816836758104,,,3697.9983705771374,3697.9983705771374,3697.9983705771374,
1989-07-01,3771.3131983,,3720.3812427645294,1.0136899828840202,,,3736.5201088847975,3736.5201088847975,3736.5201088847975,
1989-10-01,3691.8350841,,3748.674496684968,0.9848374638461589,,,3764.936097817412,3764.936097817412,3764.936097817412,
1990-01-01,3764.1026401,,3781.5997170121504,0.9953731018030699,,,3798.004146443139,3798.004146443139,3798.004146443139,
1990-04-01,3827.5953638,,3807.768952978483,1.0052068313667015,,,3824.286903516092,3824.286903516092,3824.286903516092,
1990-07-01,3884.1934825,,3833.2155906755647,1.0132989889607158,,,3849.8439277171924,3849.8439277171924,3849.8439277171924,
1990-10-01,3806.7518355,,3852.2333730636797,0.9881934625555908,,,3868.944208490241,3868.944208490241,3868.944208490241,
1991-01-01,3864.816522,,3885.6088655071217,0.9946488840676424,,,3902.4644824947904,3902.4644824947904,3902.4644824947904,
1991-04-01,4042.1056519,,4030.9044941904885,1.002778819921349,,,4048.390397846692,4048.390397846692,4048.390397846692,
1991-07-01,4039.1801791,,3988.7988478320162,1.01263070242195,,,4006.1020988660434,4006.1020988660434,4006.1020988660434,
1991-10-01,3985.7873946000004,,4015.276190045834,0.992655848800902,,,4032.694298739151,4032.694298739151,4032.694298739151,4067.711437802931
1992-01-01,3960.2129941,,3986.7888570637574,0.9933340179486372,,,4004.083388837635,4004.083388837635,4004.083388837635,4055.0002637270645
1992-04-01,3989.5758228000004,,3988.3740243056277,1.0003013254241075,,,4005.675432472064,4005.675432472064,4005.675432472064,4049.621828608175
1992-07-01,3998.4491132,,3953.4513883335467,1.0113818839405082,,,3970.601303491675,3970.601303491675,3970.601303491675,4003.8360711814635
1992-10-01,3944.6947344,,3954.348607007575,0.9975586693114338,,,3971.502414264689,3971.502414264689,3971.502414264689,3969.937228587578
1993-01-01,3897.7611394,,3924.8067296461304,0.9931090644433922,,,3941.832385412156,3941.832385412156,3941.832385412156,3935.7897077993903
1993-04-01,3939.4534804,,3950.1811980730427,0.9972842466876534,,,3967.3169272756577,3967.3169272756577,3967.3169272756577,3968.4990199216872
1993-07-01,3984.5760321999996,,3949.3045204639197,1.0089310691422548,,,3966.4364466738734,3966.4364466738734,3966.4364466738734,3956.21705708255
1993-10-01,3953.3440443000004,,3946.323695550583,1.001778959175936,,,3963.4426910604107,3963.4426910604107,3963.4426910604107,3946.8082192307993
1994-01-01,3910.948861,,3937.5458893631744,0.9932452778683755,,,3954.6268070982674,3954.6268070982674,3954.6268070982674,3926.828275556537
1994-04-01,3900.953722,,3911.429673780934,0.9973217077501978,,,3928.3973004097274,3928.3973004097274,3928.3973004097274,3904.643537217456
1994-07-01,3934.9581122,,3912.5993281304,1.0057145601157893,,,3929.572028673322,3929.572028673322,3929.572028673322,3929.1628565592705
1994-10-01,3941.0364204,,3931.674953844978,1.0023810377675977,,,3948.730403694888,3948.730403694888,3948.730403694888,3938.294003017384
1995-01-01,3916.5685155,,3933.420512517,0.9957156889370518,,,3950.483534531125,3950.483534531125,3950.483534531125,3943.0329374318244
1995-04-01,3910.7490104999997,,3918.403071404155,0.9980466376825764,,,3935.400948354972,3935.400948354972,3935.400948354972,3922.2553292352804
1995-07-01,3918.7365634,,3905.3306112970313,1.0034327316781284,,,3922.2717804349213,3922.2717804349213,3922.2717804349213,3918.850042986214
1995-10-01,3916.2825199000004,,3909.4393838266396,1.0017504136530855,,,3926.398376656632,3926.398376656632,3926.398376656632,3915.5094388826606
1996-01-01,3894.3821938,,3908.4527620308254,0.9963999646183489,,,3925.4074749346396,3925.4074749346396,3925.4074749346396,3905.0655603158693
1996-04-01,3906.2707807,,3908.899829845713,0.999327419667899,,,3925.8564821119585,3925.8564821119585,3925.8564821119585,3901.6510441165105
1996-07-01,3919.2862265,,3907.8195628781014,1.0029342868669857,,,3924.771528989131,3924.771528989131,3924.771528989131,3891.140838034959
1996-10-01,3898.6919673,,3896.481542587696,1.0005672873560787,,,3913.384324816861,3913.384324816861,3913.384324816861,3881.0552449057554
1997-01-01,3878.4400305,,3893.316642830005,0.9961789359318107,,,3910.205695849678,3910.205695849678,3910.205695849678,3873.715734093412
1997-04-01,3887.4443195000003,,3886.136745701853,1.0003364713811465,,,3902.9946526128483,3902.9946526128483,3902.9946526128483,3864.989646392204
1997-07-01,3913.3944528,,3899.0264179846945,1.00368503140913,,,3915.940239782292,3915.940239782292,3915.940239782292,3879.8818687303815
1997-10-01,3916.585723,,3916.6344683627963,0.9999875542731415,,,3933.624673183839,3933.624673183839,3933.624673183839,3888.4606950338325
1998-01-01,3915.6358069000003,,3931.757106789274,0.9958997213074439,,,3948.8129130153943,3948.8129130153943,3948.8129130153943,3901.9302442645276
1998-04-01,3949.6082372,,3948.6123393232356,1.0002522146493966,,,3965.7412628788825,3965.7412628788825,3965.7412628788825,3918.928296818345
1998-07-01,3974.8094411999996,,3960.896621768937,1.003512542931466,,,3978.078834054109,3978.078834054109,3978.078834054109,3928.3083042515595
1998-10-01,3962.8300864,,3963.122646143905,0.9999261794877359,,,3980.314514834435,3980.314514834435,3980.314514834435,3934.4292263378647
1999-01-01,3953.2243528999998,,3966.9339689974113,0.9965440271492904,,,3984.1423710551585,3984.1423710551585,3984.1423710551585,3945.608729454529
1999-04-01,3977.3076373,,3977.0337645172535,1.0000688635799853,,,3994.285979086972,3994.285979086972,3994.285979086972,3964.9163310709578
1999-07-01,4001.3828848000003,,3989.405295090568,1.0030023496795815,,,4006.711176868725,4006.711176868725,4006.711176868725,3984.169675815329
1999-10-01,3999.6214118,,3999.6386973360277,0.9999956782256259,,,4016.988971206827,4016.988971206827,4016.988971206827,4008.545340937681
2000-01-01,3997.7564592,,4008.4234540276047,0.9973388553006083,,,4025.81183582415,4025.81183582415,4025.81183582415,4027.800740626269
2000-04-01,4013.5831239,,4014.64515675702,0.9997354603419336,,,4032.060528052984,4032.060528052984,4032.060528052984,4044.3446186735137
2000-07-01,4032.4756137,,4021.7473294216325,1.0026675679498527,,,4039.193509660637,4039.193509660637,4039.193509660637,4052.210740781619
2000-10-01,4043.3365096999996,,4041.4316986890035,1.0004713208469214,,,4058.9632689403584,4058.9632689403584,4058.9632689403584,4077.5163435717736
2001-01-01,4059.9174795,,4069.1717874998108,0.9977257514592431,,,4086.823693155058,4086.823693155058,4086.823693155058,4103.11337540025
2001-04-01,4082.3465711,,4085.443907174606,0.9992418605799065,,,4103.166400638948,4103.166400638948,4103.166400638948,4108.340212282981
2001-07-01,4104.182207899999,,4094.577521487824,1.002345708772583,,,4112.339636208424,4112.339636208424,4112.339636208424,4118.5284999037995
2001-10-01,4108.3280365,,4104.461124791512,1.0009421240915486,,,4122.266114190833,4122.266114190833,4122.266114190833,4125.912980963165
2002-01-01,4101.5054236,,4110.234505979329,0.9978762568494246,,,4128.064540077021,4128.064540077021,4128.064540077021,4129.266116494463
2002-04-01,4110.2272382,,4114.194222640783,0.9990357809509925,,,4132.04143383214,4132.04143383214,4132.04143383214,4127.190768471171
2002-07-01,4133.6339877,,4124.24038982482,1.0022776552740125,,,4142.131180890557,4142.131180890557,4142.131180890557,4142.1741478545355
2002-10-01,4126.2693034,,4120.706527251218,1.0013499568853046,,,4138.5819885614155,4138.5819885614155,4138.5819885614155,4127.884049672959
2003-01-01,4096.6089249999995,,4105.502515276997,0.9978337389286931,,,4123.312022186898,4123.312022186898,4123.312022186898,4114.730845110708
2003-04-01,4097.6723997,,4102.953382543212,0.9987128825626732,,,4120.751831416522,4120.751831416522,4120.751831416522,4112.9725779606315
2003-07-01,4109.1374214,,4099.873542733977,1.0022595522933726,,,4117.658631384474,4117.658631384474,4117.658631384474,4111.094580939714
2003-10-01,4109.4510904,,4103.12956740894,1.0015406588768896,,,4120.928780565202,4120.928780565202,4120.928780565202,4121.30060817093
2004-01-01,4103.6222187,,4113.121750925359,0.9976904325228835,,,4130.964309776995,4130.964309776995,4130.964309776995,4129.447149541147
2004-04-01,4107.912579,,4114.586302052272,0.9983780330360451,,,4132.435214068549,4132.435214068549,4132.435214068549,4132.2635496683615
2004-07-01,4122.247090299999,,4114.503071047806,1.0018821274692156,,,4132.35162201129,4132.35162201129,4132.35162201129,4132.865523262282
2004-10-01,4124.4755239,,4118.7726964069925,1.0013845938859378,,,4136.639768835767,4136.639768835767,4136.639768835767,4139.267043004682
2005-01-01,4114.8705807,,4123.712994676037,0.997855715471117,,,4141.601497922557,4141.601497922557,4141.601497922557,4140.795490327114
2005-04-01,4126.0685075,,4132.522247890952,0.9984383047437333,,,4150.4489653281635,4150.4489653281635,4150.4489653281635,4153.495876875627
2005-07-01,4161.4032104,,4153.842899683191,1.0018200762280607,,,4171.86210526138,4171.86210526138,4171.86210526138,4176.208069740295
2005-10-01,4176.3121381,,4170.385296489993,1.0014211736299266,,,4188.476262328745,4188.476262328745,4188.476262328745,4188.298954362141
2006-01-01,4184.437605,,4193.097005925396,0.9979348436458388,,,4211.286494257953,4211.286494257953,4211.286494257953,4213.844997662752
2006-04-01,4213.885761699999,,4220.452649370027,0.9984440323786108,,,4238.760805397741,4238.760805397741,4238.760805397741,4236.806721973584
2006-07-01,4256.1288254,,4249.206264858949,1.0016291420349015,,,4267.639152929045,4267.639152929045,4267.639152929045,4274.650849116192
2006-10-01,4285.2762325,,4278.284453175082,1.0016342483538525,,,4296.843481271598,4296.843481271598,4296.843481271598,4305.987493821067
2007-01-01,4294.8970478,,4300.830559933008,0.9986203799358464,,,4319.487392145488,4319.487392145488,4319.487392145488,4330.781256538748
2007-04-01,4323.7123362,,4326.849142240721,0.9992750368830522,,,4345.618842030233,4345.618842030233,4345.618842030233,4365.184452786758
2007-07-01,4366.3976908,,4362.700034662445,1.0008475613973398,,,4381.625254199889,4381.625254199889,4381.625254199889,4400.192088079898
2007-10-01,4392.0905903,,4393.444657079101,0.9996917983758095,,,4412.503245567929,4412.503245567929,4412.503245567929,4437.504126980654
2008-01-01,4406.109125,,4403.160146440695,1.000669741381469,,,4422.260880336639,4422.260880336639,4422.260880336639,4461.233548245803
2008-04-01,4432.818256799999,,4428.8766336448525,1.0008899826030824,,,4448.088924641263,4448.088924641263,4448.088924641263,4492.269899609324
2008-07-01,4472.4907658,,4472.55665048121,0.9999852691231534,,,4491.958423656422,4491.958423656422,4491.958423656422,4520.833667688636
2008-10-01,4481.633940000001,,4491.251570478806,0.9978585856686307,,,4510.73444147472,4510.73444147472,4510.73444147472,4519.632429102947
2009-01-01,4470.491694,,4467.567652032811,1.0006545042392048,,,4486.947783130832,4486.947783130832,4486.947783130832,4504.9259655934775
2009-04-01,4474.7529856,,4463.8139148321725,1.0024506108400897,,,4483.177762367253,4483.177762367253,4483.177762367253,4492.0392787896835
2009-07-01,4474.41257,,4475.211016204355,0.9998215846802614,,,4494.624303912687,4494.624303912687,4494.624303912687,4496.05945911008
2009-10-01,4456.8026901,,4471.1054383107485,0.9968010711426771,,,4490.500916185183,4490.500916185183,4490.500916185183,4501.367581189766
2010-01-01,4419.9393151,4439.09905838943,4419.925596636179,1.0000031037770944,19.173461753251104,-0.43192236760328795,4439.09905838943,4439.09905838943,4439.09905838943,4483.907049431163
2010-04-01,4479.7323809,4477.55925750054,4466.129151100874,1.0030458657461292,11.430106399666329,-0.2552753797846252,4485.503042038966,4477.55925750054,4477.55925750054,4509.246808246523
2010-07-01,4509.0621234,4502.75381658365,4507.565925754107,1.0003319302857765,-4.812109170457006,0.10687035903971243,4527.119567775475,4502.75381658365,4502.75381658365,4528.014114903896
2010-10-01,4518.111304499999,4506.6557565088,4529.588359249648,0.9974662035842137,-22.93260274084878,0.5088607601707373,4549.23753371316,4506.6557565088,4506.6557565088,4542.037778503873
2011-01-01,4539.0751957,4559.24635820405,4547.037987952668,0.9982487957492853,12.208370251381893,-0.26777167304008476,4566.762858212688,4559.24635820405,4559.24635820405,4563.701672815645
2011-04-01,4593.773026700001,4591.50156635996,4583.0446265110095,1.00234088931339,8.456939848950242,-0.1841868009130332,4602.925692139518,4591.50156635996,4591.50156635996,4594.87412409993
2011-07-01,4610.6299238,4605.45132296562,4603.7255140822945,1.0014997440000675,1.7258088833259535,-0.0374731760754865,4623.696292579992,4605.45132296562,4605.45132296562,4606.56260813898
2011-10-01,4646.8465846,4632.78497278057,4645.283518829838,1.0003364844715774,-12.498546049268043,0.26978472177539015,4665.434574302146,4632.78497278057,4632.78497278057,4626.75791692233
2012-01-01,4630.9401385,4652.05917922564,4651.577767147078,0.9955633056824649,0.48141207856224355,-0.010348365315560049,4671.756126818685,4652.05917922564,4652.05917922564,4650.549878244397
2012-04-01,4665.5628443,4663.747581255,4659.849399285408,1.0012261007867493,3.8981819695918603,-0.08358475457076464,4680.063640968821,4663.747581255,4663.747581255,4670.780143072112
2012-07-01,4717.0055259,4714.13698835792,4708.704234446211,1.0017629672709252,5.432753911709369,-0.11524387019566928,4729.13040646486,4714.13698835792,4714.13698835792,4713.470516151359
2012-10-01,4704.3595846,4686.21092225937,4689.251894350345,1.0032217698238504,-3.0409720909747193,0.06489191676222195,4709.593682889978,4686.21092225937,4686.21092225937,4705.397174219495
2013-01-01,4677.6611425,4699.48462237458,4704.219203114538,0.9943544168611544,-4.734580739957892,0.10074680779710299,4724.625919245341,4699.48462237458,4699.48462237458,4720.0635029737305
2013-04-01,4718.6606632,4718.15294835259,4718.159857195853,1.0001061443484969,-0.006908843262863229,0.00014643110002321436,4738.627047330573,4718.15294835259,4718.15294835259,4736.4252832952425
2013-07-01,4753.1933456,4752.4697889526,4746.963545048958,1.0013123758992288,5.506243903641916,-0.11586068188043086,4767.555684437987,4752.4697889526,4752.4697889526,4760.849841946711
2013-10-01,4794.6840767,4772.19829767348,4772.047405332764,1.0047435973376837,0.15089234071547253,-0.0031619042483832516,4792.748357511797,4772.19829767348,4772.19829767348,4772.129539219186
2014-01-01,4738.495727099999,4761.20747434258,4762.496399583995,0.9949604849074334,-1.2889252414151997,0.027071394144462246,4783.155919879295,4761.20747434258,4761.20747434258,4774.3569288824065
2014-04-01,4817.9062499,4818.71202513354,4820.29962725295,0.9995034795473248,-1.587602119409894,0.0329466071250728,4841.209895654907,4818.71202513354,4818.71202513354,4805.325646711975
2014-07-01,4834.7430556,4835.46585488154,4835.252311348986,0.9998946785573549,0.21354353255355818,-0.004416193578082872,4856.227443900883,4835.46585488154,4835.46585488154,4821.630194331445
2014-10-01,4909.8545042000005,4883.63188714716,4883.891799588469,1.0053159868557535,-0.25991244130909763,0.005322113691508257,4905.077928309209,4883.63188714716,4883.63188714716,4851.141384093332
2015-01-01,4868.9962278,4893.36236852912,4891.273449999521,0.9954455169134893,2.088918529599141,-0.04268881746901654,4912.491600026669,4893.36236852912,4893.36236852912,4859.640408571162
2015-04-01,4889.522218,4891.3863546529,4891.579193263064,0.9995794864640244,-0.1928386101635624,0.003942412154378516,4912.79866959235,4891.3863546529,4891.3863546529,4870.123159387297
2015-07-01,4892.0864748,4892.24642396521,4895.631051350612,0.9992759714705963,-3.384627385402382,0.06918350164910603,4916.868104479411,4892.24642396521,4892.24642396521,4876.220217121543
2015-10-01,4946.014333499999,4918.76840494506,4919.13718019736,1.0054637942220508,-0.3687752523001109,0.007497308715120887,4940.476201979828,4918.76840494506,4918.76840494506,4898.3464215953345
2016-01-01,4933.3544719,4959.18207294094,4953.482212867019,0.9959366481795913,5.699860073920718,-0.11493548714456292,4974.970222037603,4959.18207294094,4959.18207294094,4916.776432946027
2016-04-01,4950.0242549,4952.16585088307,4951.658738701561,0.9996699118643236,0.507112181509001,-0.010240209976375425,4973.138837713612,4952.16585088307,4952.16585088307,4919.440095316016
2016-07-01,4973.1195552,4971.75254817185,4974.118008018826,0.9997992703797494,-2.365459846975682,0.0475779883261751,4995.695534449472,4971.75254817185,4971.75254817185,4930.370134649526
2016-10-01,5012.5744327,4985.46305632385,4988.917682101906,1.004741860280231,-3.454625778056652,0.06929398009829502,5010.559408931131,4985.46305632385,4985.46305632385,4951.235440365392
2017-01-01,4962.354657100001,4988.83852393841,4986.830310795832,0.9950919417404588,2.0082131425779153,-0.04025412193523481,5008.462982691206,4988.83852393841,4988.83852393841,4950.074943807765
2017-04-01,5014.149125,5017.98842029626,5014.40789992382,0.999948393722851,3.5805203724403327,-0.07135369938197078,5036.160202305914,5017.98842029626,5017.98842029626,4970.203695556743
2017-07-01,5023.9583035000005,5019.61401568568,5019.307992884804,1.0009264844121513,0.3060228008762351,-0.006096540489364255,5041.081551675614,5019.61401568568,5019.61401568568,4982.129997401797
2017-10-01,5049.7359391,5022.28176960144,5027.910617977044,1.0043408331573993,-5.628848375604321,0.11207751045898551,5049.721494613953,5022.28176960144,5022.28176960144,4998.473817648053
2018-01-01,5011.6751245,5039.80734754032,5041.196847680324,0.9941439058873659,-1.389500140004202,0.02757050109627457,5063.065359454181,5039.80734754032,5039.80734754032,5022.814386704949
2018-04-01,5053.7599733,5060.00326965716,5050.973087724197,1.0005517522123761,9.030181932962478,-0.17846197821872467,5072.884008439217,5060.00326965716,5060.00326965716,5037.983319341245
2018-07-01,5093.158203200001,5085.90949163313,5088.088962877156,1.000996295536464,-2.17947124402599,0.042853126812647524,5110.160890784971,5085.90949163313,5085.90949163313,5053.608877871094
2018-10-01,5099.5978019,5070.17203349076,5079.995885875064,1.0038586480117904,-9.823852384303791,0.19375777230856706,5102.032706336166,5070.17203349076,5070.17203349076,5054.372646234988
2019-01-01,5055.7090636,5085.53591677484,5082.889677647273,0.994652527249056,2.6462391275672417,-0.0520346168205843,5104.939051262189,5085.53591677484,5085.53591677484,5080.614936595878
2019-04-01,5108.3201242000005,5118.16813795003,5103.009431433471,1.0010406982071827,15.158706516558595,-0.29617445359327865,5125.146083741494,5118.16813795003,5118.16813795003,5108.480774340469
2019-07-01,5103.8728591,5094.093800352,5101.538171089684,1.000457643936401,-7.444370737684039,0.1461372921160109,5123.66844112875,5094.093800352,5094.093800352,5102.826641334672
2019-10-01,5139.0161872,5106.98753114965,5114.1059581794225,1.0048708863727676,-7.118427029772647,0.1393860272098646,5136.290746779903,5106.98753114965,5106.98753114965,5112.863033955498
2020-01-01,5109.3587281,5140.76004243589,5133.709952041115,0.9952566030865393,7.0500903947749975,-0.13714101293540448,5155.979781988627,5140.76004243589,5140.76004243589,5129.710557982135
2020-04-01,5010.036220200001,5021.86537902834,5018.039097013074,0.998405178465463,3.8262820152658605,-0.07619244496765987,5039.807151383971,5021.86537902834,5021.86537902834,5045.0642466915515
2020-07-01,5063.581852900001,5053.7304193032,5062.53537943143,1.0002067093640121,-8.80496012823005,0.17422694520068394,5084.496456908815,5053.7304193032,5053.7304193032,5075.646143965382
2020-10-01,5121.853179600001,5087.86616917698,5089.284478899247,1.006399465550763,-1.418309722266713,0.027876317401176465,5111.361592908101,5087.86616917698,5087.86616917698,5101.691507392564
2021-01-01,5033.1130349000005,5063.5452450682,5052.511922256767,0.9961605459511501,11.0333228114323,-0.21789719015897768,5074.429518374893,5063.5452450682,5063.5452450682,5091.195035617028
2021-04-01,5057.0216179,5070.59155057298,5074.598634314602,0.9965362745546517,-4.007083741622409,0.07902596179669708,5096.612041712722,5070.59155057298,5070.59155057298,5108.37528260462
2021-07-01,5139.213972699999,5130.16028145812,5137.964228575171,1.0002432372179402,-7.803947117050484,0.15211897268114782,5160.252513405379,5130.16028145812,5130.16028145812,5162.08031796007
2021-10-01,5204.6227416,5169.08086035681,5166.137691443732,1.0074494820802025,2.9431689130778977,-0.05693795459169593,5188.54819163729,5169.08086035681,5169.08086035681,5200.082888924084
2022-01-01,5130.546286899999,5160.70278531965,5146.1628016983495,0.9969654059927543,14.539983621300053,-0.281744255116978,5168.486651613257,5160.70278531965,5160.70278531965,5210.842642478378
2022-04-01,5152.2359498,5165.26495975713,5184.67822705893,0.9937426633171538,-19.41326730180026,0.3758426228479994,5207.1691553598685,5165.26495975713,5165.26495975713,5226.407911386455
2022-07-01,5204.9318926,5198.14275877173,5200.179471536877,1.0009138955855528,-2.0367127651470582,0.03918154732687196,5222.737643620912,5198.14275877173,5198.14275877173,5257.004471750953
2022-10-01,5253.8138721000005,5218.33189227216,5211.590076385414,1.0081019027006575,6.741815886745826,-0.12919484666603642,5234.197747220246,5218.33189227216,5218.33189227216,5284.940836831788
2023-01-01,5244.3160544,5273.6005102658,5263.173323150579,0.996417129440213,10.427187115221386,-0.1977242511055466,5286.00476006186,5273.6005102658,5273.6005102658,5326.381896113053
2023-04-01,5302.462883,5313.99339931148,5324.057683889066,0.9959439205637438,-10.064284577585568,0.18939211664978917,5347.15323473993,5313.99339931148,5313.99339931148,5357.119331258153
2023-07-01,5310.7678295999995,5305.6265020267,5309.103608645824,1.000313465525794,-3.4771066191242426,0.06553621175173774,5332.134289312007,5305.6265020267,5305.6265020267,5359.844119392936
2023-10-01,5357.7089672,5324.14137255655,5322.091397149859,1.0066924010491838,2.0499754066904643,-0.03850339920080659,5345.178418326917,5324.14137255655,5324.14137255655,5381.894684799417
2024-01-01,5305.3153447,5333.06977768867,5325.055378485998,0.996292989953541,8.014399202672394,-0.15027741126135696,5348.155257296412,5333.06977768867,5333.06977768867,5397.173870762684
2024-04-01,5331.1669734,5339.35886379489,5342.051053769563,0.9979625652656605,-2.692189974673056,0.05042159636297061,5365.2246591445755,5339.35886379489,5339.35886379489,5414.824197271346
2024-07-01,5344.9455403,5342.23054659237,5345.595402153022,0.9998784304078155,-3.3648555606523587,0.06298596684111146,5368.784382770601,5342.23054659237,5342.23054659237,5429.389729504277
2024-10-01,5387.385764600001,5355.93911850837,5358.881038816318,1.005319156289758,-2.941920307948749,0.05492818799568422,5382.12765199826,5355.93911850837,5355.93911850837,5447.285844435557
2025-01-01,5343.09195,5369.16361463463,5366.015696660448,0.9957279762199142,3.147917974181837,-0.058629578089253176,5389.293259704849,5369.16361463463,5369.16361463463,5465.227003215163
2025-04-01,5362.0194063,5367.86482988755,5360.647607330577,1.000255901724923,7.217222556972956,-0.13445239002272125,5383.901883816596,5367.86482988755,5367.86482988755,5465.621420293309
2025-07-01,5364.2199045,5363.09877491356,5366.976312278782,0.9994864132766014,-3.877537365221542,0.07230031606650922,5390.2580424355965,5363.09877491356,5363.09877491356,5468.773906292114
2025-10-01,5391.9363252,5361.68075321277,5370.342843918005,1.0040208757447313,-8.662090705235642,0.16155551036949323,5393.639177955409,5361.68075321277,5361.68075321277,5482.612365256171
2026-01-01,5350.943562699999,,5377.332153740787,0.9950926239469086,,,5400.658807126704,5400.658807126704,5400.658807126704,5521.966111851011
2026-04-01,5405.9603454,,5391.789817816176,1.0026281676516762,,,5415.179187974837,5415.179187974837,5415.179187974837,5544.322309638443
