date,household_employment_total,household_employment_total_sa,household_employment_total_sa_stl,household_employment_seasonal_factor_stl,household_sa_gap_official_vs_stl,household_sa_gap_pct_official_vs_stl,household_employment_total_sa_stl_chained,household_employment_total_sa_spliced_chain,household_employment_total_sa_spliced,firm_employment_total,firm_employment_total_sa,unemployment_rate_sa_qavg,unemployment_rate_sa_qend,gdp_nom_csa,gdp_nom_cssa,gdp_nom_nasa,gdp_real_csa,gdp_real_cssa,gdp_real_nasa,avg_qoq_growth,employment_blended_index,employment_blended_level
1970-01-01,,,,,,,,,,,,0.0017984866666666667,0.00396349,,,,,,,,,
1970-04-01,,,,,,,,,,,,0.00401902,0.00310576,,,,,,,,,
1970-07-01,,,,,,,,,,,,0.007211133333333332,0.01186026,,,,,,,,,
1970-10-01,,,,,,,,,,,,0.00453177,0.00368644,,,,,,,,,
1971-01-01,,,,,,,,,,,,0.0007671633333333332,0.00230149,,,,,,,,,
1971-04-01,,,,,,,,,,,,0.0025795466666666666,0.00386825,,,,,,,,,
1971-07-01,,,,,,,,,,,,0.008159476666666667,0.01533412,,,,,,,,,
1971-10-01,,,,,,,,,,,,0.007107906666666667,0.00648838,,,,,,,,,
1972-01-01,,,,,,,,,,,,0.002966663333333333,0.00115111,,,,,,,,,
1972-04-01,,,,,,,,,,,,0.00200454,0.00187877,,,,,,,,,
1972-07-01,,,,,,,,,,,,0.013588066666666667,0.0240106,,,,,,,,,
1972-10-01,,,,,,,,,,,,0.007541700000000001,0.00423693,,,,,,,,,
1973-01-01,,,,,,,,,,,,0.0,0.0,,,,,,,,,
1973-04-01,,,,,,,,,,,,0.0011991233333333332,0.00359737,,,,,,,,,
1973-07-01,,,,,,,,,,,,0.023420506666666664,0.03830037,,,,,,,,,
1973-10-01,,,,,,,,,,,,0.010578003333333334,0.00163226,,,,,,,,,
1974-01-01,,,,,,,,,,,,0.0,0.0,,,,,,,,,
1974-04-01,,,,,,,,,,,,0.0031300433333333335,0.00939013,,,,,,,,,
1974-07-01,,,,,,,,,,,,0.04078445333333333,0.05452742,,,,,,,,,
1974-10-01,,,,,,,,,,,,0.031675260000000004,0.01906079,,,,,,,,,
1975-01-01,3181.0,,3239.66188280127,0.9818925909791085,,,3253.6138210122454,3253.6138210122454,3253.6138210122454,,,0.049473156666666664,0.0980953,,,,,,,,,
1975-04-01,3173.0,,3066.7116168158877,1.034658747370079,,,3079.9187268590194,3079.9187268590194,3079.9187268590194,,,0.2007721,0.26095075,,,,,,,,,
1975-07-01,3112.0,,3063.942386101109,1.0156848947672443,,,3077.1375701664,3077.1375701664,3077.1375701664,,,0.39745215000000006,0.47516402,,,,,,,,,
1975-10-01,2965.0,,3057.41894020095,0.9697722353368831,,,3070.586030373294,3070.586030373294,3070.586030373294,,,0.6916916366666667,0.82911437,,,,,,,,,
1976-01-01,3006.0,,3053.964604443411,0.9842943155354114,,,3067.1168181623493,3067.1168181623493,3067.1168181623493,,,0.9344537933333333,0.87049764,,,,,,,,,
1976-04-01,3058.0,,2970.900306649932,1.029317608926529,,,2983.6947953987105,2983.6947953987105,2983.6947953987105,,,0.7337028466666666,0.67068751,,,,,,,,,
1976-07-01,3060.0,,3011.4628181819476,1.0161174767043448,,,3024.4319935724343,3024.4319935724343,3024.4319935724343,,,0.53746863,0.50525015,,,,,,,,,
1976-10-01,2951.0,,3036.0413687796054,0.9719893906406855,,,3049.1163942345925,3049.1163942345925,3049.1163942345925,,,0.5084689233333334,0.52741308,,,,,,,,,
1977-01-01,3002.0,,3042.7242189525286,0.986615869194171,,,3055.828024791413,3055.828024791413,3055.828024791413,,,0.48966847666666674,0.41163443,,,,,,,,,
1977-04-01,3066.0,,2993.1458438046698,1.0243403295386106,,,3006.0361352548043,3006.0361352548043,3006.0361352548043,,,0.39041510666666673,0.37060089,,,,,,,,,
1977-07-01,3080.0,,3028.752832322168,1.016920221132254,,,3041.79646894277,3041.79646894277,3041.79646894277,,,0.35017498666666663,0.33524646,,,,,,,,,
1977-10-01,2979.0,,3057.1064695911773,0.9744508507086368,,,3070.272214076595,3070.272214076595,3070.272214076595,,,0.3425126133333333,0.33384755,,,,,,,,,
1978-01-01,3022.0,,3054.1589039600876,0.9894704548874682,,,3067.3119544499446,3067.3119544499446,3067.3119544499446,,,0.35180112,0.32062323,,,,,,,,,
1978-04-01,3107.0,,3056.911379584742,1.0163853688235018,,,3070.076283894915,3070.076283894915,3070.076283894915,,,0.31073644666666667,0.31786159,,,,,,,,,
1978-07-01,3118.0,,3065.8921734635323,1.0169959749359356,,,3079.0957544893054,3079.0957544893054,3079.0957544893054,,,0.3336899033333333,0.34256693,,,,,,,,,
1978-10-01,3001.0,,3074.766056358273,0.9760092133820285,,,3088.0078536764613,3088.0078536764613,3088.0078536764613,,,0.3715823166666667,0.38532178,,,,,,,,,
1979-01-01,3050.0,,3079.404366880402,0.9904512810345234,,,3092.6661395614983,3092.6661395614983,3092.6661395614983,,,0.3815849,0.35882098,,,,,,,,,
1979-04-01,3133.0,,3080.599253532884,1.0170099198741998,,,3093.866172116654,3093.866172116654,3093.866172116654,,,0.35273445000000003,0.34971349,,,,,,,,,
1979-07-01,3158.0,,3101.3240127995346,1.0182747713449336,,,3114.680184697751,3114.680184697751,3114.680184697751,,,0.33532624333333333,0.32451079,,,,,,,,,
1979-10-01,3038.0,,3117.8100046544305,0.9744019024458563,,,3131.23717517782,3131.23717517782,3131.23717517782,,,0.2770259033333333,0.25349165,,,,,,,,,
1980-01-01,3104.0,,3131.926241200678,0.9910833656191183,,,3145.4142047534606,3145.4142047534606,3145.4142047534606,,,0.21089748333333333,0.21056793,50870.6180388267,50870.6180388268,49949.5215735596,91191.377449122,91191.3774491219,89202.3992855341,,,
1980-04-01,3217.0,,3161.9347422083947,1.0174150519479563,,,3175.5519404674556,3175.5519404674556,3175.5519404674556,,,0.20411506666666668,0.20717957,51589.1446214272,51589.1446214273,51718.7350780042,91654.1173856165,91654.1173856164,91839.6996107304,,,
1980-07-01,3239.0,,3181.7464456688376,1.0179943799133027,,,3195.448965073294,3195.448965073294,3195.448965073294,,,0.21968108,0.22190172,52513.4658212934,52513.4658212935,52002.7299308671,92101.6299555753,92101.6299555752,91077.8989770857,,,
1980-10-01,3103.686340691677,,3185.5069884889167,0.9743147172199256,,,3199.2257030590918,3199.2257030590918,3199.2257030590918,,,0.1849224833333333,0.16340594,53339.752018117,53339.7520181171,54793.8176330851,92639.2586647213,92639.2586647211,95603.7899794124,,,
1981-01-01,3186.7614802813605,,3213.6811068259653,0.991623429441264,,,3227.5211561441506,3227.5211561441506,3227.5211561441506,,,0.13194830999999999,0.14148526,54375.8160553943,54375.8160553944,52977.6588461135,92657.9134678079,92657.9134678079,90183.6009769552,,,
1981-04-01,3282.787439890192,,3226.8106485806998,1.0173474050403655,,,3240.7072416253377,3240.7072416253377,3240.7072416253377,,,0.16290143999999998,0.17930046,55376.645297778,55376.6452977781,55522.0137701578,93539.4388034164,93539.4388034163,93716.4632148534,,,
1981-07-01,3308.5167833459573,,3252.762679406122,1.0171405385006504,,,3266.771037549596,3266.771037549596,3266.771037549596,,,0.21708081999999998,0.23292957,56529.1029685959,56529.102968596,56051.2316907138,93820.6046395656,93820.6046395656,92951.6654237371,,,
1981-10-01,3181.9423452963124,,3262.2354131591474,0.9753871018814444,,,3276.284566608055,3276.284566608055,3276.284566608055,,,0.23693056999999998,0.23990534,57563.9741829747,57563.9741829748,59242.518267027,93674.7644599386,93674.7644599386,96760.551154434,,,
1982-01-01,3230.635578216976,,3257.086796828971,0.9918788720528582,,,3271.1137772303478,3271.1137772303478,3271.1137772303478,,,0.23383176000000003,0.26171188,58319.8380431689,58319.838043169,57055.0290933851,92868.6627772004,92868.6627772004,90694.5380812284,,,
1982-04-01,3305.9117271476,,3253.8155310185216,1.0160108019746188,,,3267.8284233761115,3267.8284233761115,3267.8284233761115,,,0.33429949000000003,0.37458424,59218.7780361761,59218.7780361762,59324.427081101,92390.0300193995,92390.0300193995,92530.2615228387,,,
1982-07-01,3303.653003551094,,3250.20368434091,1.0164449137350042,,,3264.201021908063,3264.201021908063,3264.201021908063,,,0.46936942666666664,0.52044017,59558.1248052249,59558.124805225,59074.5720197184,91729.4810949674,91729.4810949672,90924.2398150716,,,
1982-10-01,3185.0703024949153,,3258.289086072011,0.9775284569162128,,,3272.3212442560816,3272.3212442560816,3272.3212442560816,,,0.64201432,0.6856257,59956.4404308038,59956.4404308038,61638.1104410384,91729.0824956874,91729.0824956873,94571.0969838201,,,
1983-01-01,3224.2073443546474,,3251.234961333201,0.9916869690133148,,,3265.2367402011428,3265.2367402011428,3265.2367402011428,,,0.8048645200000001,0.81924323,60303.4010299229,60303.4010299229,59277.0273303926,92203.2436599208,92203.2436599208,90386.1271571208,,,
1983-04-01,3296.3172632858796,,3249.1270931647446,1.014523953285917,,,3263.1197942809,3263.1197942809,3263.1197942809,,,0.87994428,0.89296233,60610.5081312476,60610.5081312477,60666.8895778404,92447.7955122634,92447.7955122633,92476.6219362762,,,
1983-07-01,3309.8909974344297,,3259.0770692051688,1.0155915086235288,,,3273.1126209199174,3273.1126209199174,3273.1126209199174,,,0.9014998066666666,0.92486787,61226.6985576034,61226.6985576035,60588.2908488397,92931.1807854932,92931.1807854931,92015.745852971,,,
1983-10-01,3195.769893319536,,3262.48999823378,0.979549330434618,,,3276.540248079583,3276.540248079583,3276.540248079583,,,0.9607684533333334,0.95014106,62087.6738677659,62087.673867766,63722.6974246094,93468.0744582002,93468.0744582002,96198.056105487,,,
1984-01-01,3240.2007326819003,,3270.1797290897034,0.9908326150574752,,,3284.263095554969,3284.263095554969,3284.263095554969,,,1.0537736966666669,1.08996555,63539.6137431693,63539.6137431696,62628.273085548,94176.5177782582,94176.5177782583,92442.5962858524,,,
1984-04-01,3326.1625906727454,,3281.931064182776,1.013477286885362,,,3296.065038985284,3296.065038985284,3296.065038985284,,,1.13640646,1.14744834,64678.7189121558,64678.718912156,64803.0940466723,94847.7009409312,94847.7009409313,94888.4222044056,,,
1984-07-01,3342.7651244235794,,3291.3828211105742,1.0156111598393975,,,3305.557500879653,3305.557500879653,3305.557500879653,,,1.1351308833333331,1.12038544,65927.0155289791,65927.0155289792,65212.9572940553,96181.142552232,96181.142552232,95299.6166824031,,,
1984-10-01,3243.5752522073926,,3306.830140373014,0.9808714432007435,,,3321.0713456165627,3321.0713456165627,3321.0713456165627,,,1.1322048466666665,1.12346382,66740.8213998866,66740.8213998862,68418.2527536376,96928.0307947866,96928.0307947864,99609.592168492,,,
1985-01-01,3293.3104170803285,,3325.263080605786,0.9903909366715029,,,3339.5836692086104,3339.5836692086104,3339.5836692086104,,,1.0692842566666665,1.0336753,67816.1539520798,67816.1539520787,66576.5390437936,98108.8752310712,98108.8752310707,95914.828988163,,,
1985-04-01,3383.5613510437347,,3339.595418466972,1.0131650475784129,,,3353.977730761803,3353.977730761803,3353.977730761803,,,0.9690614200000001,0.93363631,68888.1629755131,68888.1629755121,68938.6812580236,98846.4021179132,98846.4021179128,98793.0268083895,,,
1985-07-01,3417.9348833102686,,3367.065323675554,1.0151079812075596,,,3381.5659379518866,3381.5659379518866,3381.5659379518866,,,0.9156914700000001,0.89902157,69528.1790626989,69528.1790626989,68747.0196004841,99173.4512465917,99173.4512465916,98209.9367775966,,,
1985-10-01,3322.4626321753267,,3384.1380756513954,0.9817751397557284,,,3398.7122154959125,3398.7122154959125,3398.7122154959125,,,0.8844002766666667,0.87812227,70725.01367363,70725.0136736319,72536.5210712276,100362.261626295,100362.261626295,103364.396157093,,,
1986-01-01,3363.6742347372124,,3395.410737478476,0.9906531182248569,,,3410.033424204419,3410.033424204419,3410.033424204419,,,0.8480389166666668,0.84176432,71575.3824641154,71575.3824641204,70056.9901735929,100596.745039263,100596.745039264,97949.0181043826,,,
1986-04-01,3468.11648546582,,3423.556650865419,1.0130156556892775,,,3438.300550871844,3438.300550871844,3438.300550871844,,,0.8170384833333334,0.80276588,72741.2102930831,72741.2102930875,73132.8720001176,101080.48416501,101080.484165012,101475.956699583,,,
1986-07-01,3487.3630204153897,,3437.389149440336,1.0145383221981685,,,3452.1926205293003,3452.1926205293003,3452.1926205293003,,,0.7977013533333333,0.79392737,73039.8707009766,73039.8707009764,72364.099159024,101095.65199505,101095.651995051,100166.711145398,,,
1986-10-01,3402.5002434470525,,3463.665287785974,0.9823409483143151,,,3478.5819197762557,3478.5819197762557,3478.5819197762557,,,0.7892287033333334,0.78544514,73276.4592452819,73276.4592452727,74945.3105242886,101001.623819646,101001.623819642,104055.933482319,,,
1987-01-01,3453.905355612063,,3484.216595502908,0.9913004145810075,,,3499.2217338206383,3499.2217338206383,3499.2217338206383,,,0.7941027533333335,0.78968225,73874.4807513075,73874.4807512845,72329.7450278924,101168.53772993,101168.53772992,98701.9356083563,,,
1987-04-01,3548.7523751843805,,3505.8118324214242,1.0122483877673771,,,3520.909972855436,3520.909972855436,3520.909972855436,,,0.7919267466666667,0.79637525,74597.7125598747,74597.7125598544,74710.2555191086,101860.316672915,101860.316672905,101846.436484483,,,
1987-07-01,3574.214757039581,,3525.0074512711562,1.0139594898588604,,,3540.1882596186115,3540.1882596186115,3540.1882596186115,,,0.7801574133333333,0.77375578,75955.312579899,75955.3125798998,75468.5824280964,103253.646035944,103253.646035943,102495.385310249,,,
1987-10-01,3483.4972877013183,,3544.3085215587193,0.9828425676016896,,,3559.5724519571168,3559.5724519571168,3559.5724519571168,,,0.75507569,0.74648883,77205.0260983171,77205.0260983595,79069.5693535047,103851.47648306,103851.476483079,107003.606906132,,,
1988-01-01,3544.0501189833003,,3570.4809299852654,0.9925974087188097,,,3585.8575745613794,3585.8575745613794,3585.8575745613794,,,0.7383644233333334,0.74173795,77934.3823534096,77934.3823535159,76919.1091452921,104354.059033427,104354.059033477,102561.907755382,,,
1988-04-01,3638.453332176701,,3601.329078917285,1.0103084867963736,,,3616.8385742301093,3616.8385742301093,3616.8385742301093,,,0.73304051,0.72598564,78945.9702214963,78945.9702215905,78993.4087554666,104874.015312188,104874.015312236,104743.181947225,,,
1988-07-01,3665.5242841181944,,3615.860180503253,1.0137350730215537,,,3631.4322555045756,3631.4322555045756,3631.4322555045756,,,0.7029311066666667,0.68575423,80468.0544792745,80468.0544792708,79881.7245020391,106097.029449838,106097.029449837,105321.07187289,,,
1988-10-01,3578.3384042450725,,3637.9781595341547,0.9836063459774269,,,3653.6454878946097,3653.6454878946097,3653.6454878946097,,,0.6466650333333334,0.62377729,82522.6752471648,82522.6752469681,84358.9752130792,107878.412186086,107878.412185988,110860.899779425,,,
1989-01-01,3639.832628862513,,3661.385403377978,0.9941134919870542,,,3677.1535374495265,3677.1535374495265,3677.1535374495265,,,0.5607831866666667,0.55245497,83631.8804185147,83631.8804180201,82338.1851008477,108386.384351309,108386.384351055,106306.64020722,,,
1989-04-01,3711.0464518403405,,3682.0576622549074,1.0078729863148523,,,3697.9148235425564,3697.9148235425564,3697.9148235425564,,,0.55768783,0.55629423,85814.3287276574,85814.3287272316,86210.8651044143,110199.735073092,110199.735072883,110475.276981544,,,
1989-07-01,3771.3131982853315,,3720.3661728649663,1.0136940889829484,,,3736.388313706754,3736.388313706754,3736.388313706754,,,0.5608071466666666,0.56268668,87264.5734326831,87264.573432711,86458.3654822999,111157.522203738,111157.522203756,110292.855764224,,,
1989-10-01,3691.8350841003066,,3748.688641890273,0.9848337476858848,,,3764.832756367619,3764.832756367619,3764.832756367619,,,0.53698203,0.51695046,88956.9453139342,88956.9453148267,90562.872349383,112190.420213244,112190.420213688,114752.640871006,,,
1990-01-01,3764.102640094844,,3781.619948781732,0.9953677765285398,,,3797.905885330509,3797.905885330509,3797.905885330509,,,0.4054209766666667,0.40755003,91808.9888526874,91808.988854843,90810.9878884695,114400.886269401,114400.886270401,112647.088561066,,,
1990-04-01,3827.595363778597,,3807.7959453069516,1.0051997057500017,,,3824.1946114859625,3824.1946114859625,3824.1946114859625,,,0.43770769666666665,0.46348884,93393.7951827869,93393.7951846238,93568.5176900943,114879.649023447,114879.649024277,114837.059044424,,,
1990-07-01,3884.193482535103,,3833.0305986819076,1.0133478934060143,,,3849.537940499735,3849.537940499735,3849.537940499735,,,0.5118373233333333,0.54308649,94439.244138851,94439.2441388319,93527.0459271843,114815.332111174,114815.332111244,113855.431627825,,,
1990-10-01,3806.751835466669,,3852.042481031157,0.9882424335174098,,,3868.6316994822278,3868.6316994822278,3868.6316994822278,,,0.61346322,0.65231486,95256.8810025335,95256.8809985602,96855.485112819,114151.645617162,114151.645615259,116723.337993723,,,
1991-01-01,3864.8165220492765,,3886.4315959031733,0.994438323865861,,,3903.1689146261806,3903.1689146261806,3903.1689146261806,,,0.7361626233333333,0.79870831,96921.6770866704,96921.6770758287,95642.0692797363,114404.071871588,114404.071865659,112414.737346545,,,
1991-04-01,4042.1056519268495,,4030.624873078472,1.0028483868407252,,,4047.983175029472,4047.983175029472,4047.983175029472,,,0.9349889466666667,1.00261949,97276.9136233238,97276.9136136012,97602.376101816,113215.527883247,113215.52787766,113345.493660199,,,
1991-07-01,4039.180179086581,,3988.464896374098,1.012715489299803,,,4005.6416320347766,4005.6416320347766,4005.6416320347766,4189382.1875,4164127.3096,1.1456811,1.22292266,98305.663926606,98305.6639268793,97494.6938183466,113124.624189573,113124.624189471,112345.783963475,,,
1991-10-01,3985.7873945505617,,4014.9519436554097,0.9927360153959177,,,4032.2427485185017,4032.2427485185017,4032.2427485185017,4102128.7518,4124938.6979,1.43186654,1.55332524,99078.6172656362,99078.617285927,100676.388351384,113349.745683146,113349.745694768,115761.886153817,-0.001385044789204426,100.0,4072.4886165851503
1992-01-01,3960.2129940658415,,3987.6974782430884,0.9931076807287413,,,4004.8709089383933,4004.8709089383933,4004.8709089383933,4110154.7279,4128383.0013,1.8392001533333335,1.95875313,99828.9546721532,99828.9547210328,98942.1841407852,113996.490772357,113996.490800142,112514.883307637,-0.002976623474361062,99.70233765256388,4060.366351369954
1992-04-01,3989.5758228218638,,3988.115994396379,1.0003660446254656,,,4005.2912274746864,4005.2912274746864,4005.2912274746864,4131880.2806,4115852.182,2.2145177933333335,2.34732214,100088.850225306,100088.85026328,100200.689829377,113898.785683774,113898.785703716,113842.780853301,-0.0014651666208789216,99.55625711541175,4054.417238123387
1992-07-01,3998.449113161418,,3953.0748170691145,1.0114782285162882,,,3970.0991417012333,3970.0991417012333,3970.0991417012333,4083001.9075,4058807.4751,2.6735387,2.86946859,99659.8382514816,99659.8382425547,98954.0201891398,113071.795874689,113071.795866845,112384.671232369,-0.011323077358321998,98.42897391458895,4008.508758093202
1992-10-01,3944.694734369377,,3953.9039805386083,0.9976708472905363,,,3970.931876048773,3970.931876048773,3970.931876048773,3967781.314,3989150.1033,3.259562246666667,3.47070456,99705.1879945806,99705.1879166531,101459.970091453,112504.551147121,112504.551107261,114927.075713434,-0.00847613876322073,97.59467627336745,3974.5320816260178
1993-01-01,3897.7611394319283,,3926.022980387704,0.9928014071499445,,,3942.9308034935752,3942.9308034935752,3942.9308034935752,3932889.857,3950291.9689,3.765065906666667,3.94932158,100044.124674662,100044.124499964,98779.5544044401,112130.612992814,112130.612910878,110359.362067843,-0.008396233691766397,96.77524856430396,3941.160981453263
1993-04-01,3939.4534803585984,,3949.908397619244,0.9973531241213207,,,3966.9190857392477,3966.9190857392477,3966.9190857392477,4005380.8105,3990466.5877,4.30921889,4.47318992,101741.354691949,101741.354534417,101557.582148256,113159.392993616,113159.392915089,112853.982303124,0.008126954403836262,97.56173659680599,3973.1906170477123
1993-07-01,3984.5760321894513,,3948.989766629654,1.0090114858895085,,,3965.9964985705037,3965.9964985705037,3965.9964985705037,3990035.8105,3966640.4936,4.714335573333333,4.84881944,102766.047480481,102766.047483974,102202.900303775,113590.888220233,113590.888217179,113072.796559467,-0.003101662070333633,97.25913305888778,3960.8671224126097
1993-10-01,3953.344044272124,,3945.923226401187,1.001880629055652,,,3962.9167519700954,3962.9167519700954,3962.9167519700954,3930424.906,3950758.8571,4.849921703333333,4.85976392,103728.891903041,103728.892231777,105779.569349952,114212.495721881,114212.495885494,116811.721364875,-0.0023901691138321635,97.02666728301234,3951.399980152626
1994-01-01,3910.94886104571,,3937.8322636614953,0.9931730452655723,,,3954.790944664429,3954.790944664429,3954.790944664429,3902414.7141,3919517.1932,4.816146056666667,4.78058684,104661.368334863,104661.369118571,103613.996138203,114854.912731221,114854.913111336,113330.979951035,-0.0049791120309000125,96.54356063662537,3931.72551697255
1994-04-01,3900.953722021174,,3911.626010897756,0.9972716489646889,,,3928.4718319688423,3928.4718319688423,3928.4718319688423,3915089.7659,3901273.3411,4.71866437,4.68933679,103969.547682936,103969.548367355,103532.204743637,113899.39613731,113899.396491777,113343.440414091,-0.005654805934282914,95.99762553702058,3909.4923721872024
1994-07-01,3934.9581122037125,,3912.4996759495525,1.0057401758758509,,,3929.3492595493412,3929.3492595493412,3929.3492595493412,3972065.82,3949093.5799,4.588801713333333,4.5584675,104722.246506988,104722.246479688,104057.660913859,114835.347463447,114835.34747153,114205.068186586,0.006240474239664118,96.59669624625327,3933.8894586259994
1994-10-01,3941.036420373928,,3931.385123415653,1.0024549355138954,,,3948.3160391438137,3948.3160391438137,3948.3160391438137,3928850.8196,3948186.6025,4.376066836666666,4.31912571,105039.655387124,105039.653946297,107197.905315187,115231.618808531,115231.618066297,117971.618723409,0.0022986422973240717,96.81873749802668,3942.9320633285947
1995-01-01,3916.5685155256533,,3933.5382288468077,0.995685890835711,,,3950.4784171456945,3950.4784171456945,3950.4784171456945,3938710.8943,3955909.9454,4.2231592933333335,4.18429098,104934.07864738,104956.344272035,103669.779890848,114792.901307821,114817.26084179,113119.838726537,0.0012519228456592257,96.93994708738835,3947.868310057558
1995-04-01,3910.7490105474885,,3918.785373775942,0.9979492719141414,,,3935.662027382064,3935.662027382064,3935.662027382064,3942750.3872,3929362.6759,4.14445671,4.11558196,105774.793669286,105800.831431575,105236.598697804,115156.874709825,115185.226309256,114734.924304804,-0.005230658805073618,96.43288729959232,3927.2183579202842
1995-07-01,3918.7365633632585,,3905.218420868226,1.003461558621867,,,3922.036646991627,3922.036646991627,3922.036646991627,3957709.6444,3935641.6537,4.110098399999999,4.10714504,106571.723836437,106602.131250344,105955.939187984,115747.168250793,115780.201488885,114945.792219781,-0.0009320333410476889,96.34300863345561,3923.558059473128
1995-10-01,3916.282519903106,,3909.1599985317253,1.0018220081485676,,,3925.99519946608,3925.99519946608,3925.99519946608,3906925.0673,3924782.4085,4.109600643333334,4.11050168,106343.916268673,106379.297549347,108767.129802821,115499.738301368,115538.178290167,118381.19226833,-0.00087494767771501,96.25871354178769,3920.125151460612
1996-01-01,3894.3821938063616,,3908.230980672999,0.9964565075771813,,,3925.0621806960767,3925.0621806960767,3925.0621806960767,3888135.9091,3904815.0706,4.219148616666667,4.28870193,107103.455426527,107107.736459333,105634.845920387,116412.671440758,116417.343094739,114557.006494509,-0.0026625767078334306,96.0024173331853,3909.6875175405407
1996-04-01,3906.2707806551352,,3909.5519164821585,0.9991607386480297,,,3926.3888052516104,3926.3888052516104,3926.3888052516104,3909793.0544,3897573.9719,4.43333527,4.50319362,107101.815545664,107023.662902966,106720.516894617,115783.665997747,115699.197212305,115293.575049592,-0.0007582071520613187,95.92962761374811,3906.7231645024167
1996-07-01,3919.2862264625574,,3907.739133512942,1.0029549293223252,,,3924.568215345469,3924.568215345469,3924.568215345469,3898628.493,3877646.7197,4.640043323333333,4.7408888,106316.103217065,106155.726483307,105401.931629006,115616.099615957,115441.708428643,114554.107038805,-0.002788206379998992,95.66215601400452,3895.830414050261
1996-10-01,3898.691967302613,,3896.174351612844,1.00064617634186,,,3912.953628518706,3912.953628518706,3912.953628518706,3852869.1499,3868787.4092,4.946376083333334,5.02390819,106515.717409449,106493.796743276,108868.364547965,116016.899325371,115993.028181249,118957.52827682,-0.0026220845652514813,95.41132175124152,3885.6152172527422
1997-01-01,3878.4400305145346,,3893.125532392088,0.9962278375676897,,,3909.891679243357,3909.891679243357,3909.891679243357,3841042.6051,3857283.5478,5.26334306,5.27874667,106875.201091779,106936.48664179,105184.459439199,116567.226844678,116634.060008601,114394.55019269,-0.0018780109062591088,95.2321382484121,3878.3179894972154
1997-04-01,3887.4443195170443,,3886.681418935164,1.0001962858540874,,,3903.4198135468387,3903.4198135468387,3903.4198135468387,3857746.3435,3847042.3818,5.24262251,5.20208009,107896.252186361,107963.190107019,107868.710496821,117645.323336398,117718.300378861,117579.534896293,-0.00215513737135542,95.02689990831885,3869.9596814600495
1997-07-01,3913.3944527845633,,3898.976047867029,1.0036979978180232,,,3915.767390566927,3915.767390566927,3915.767390566927,3884423.8579,3863926.7953,5.0896110000000006,5.02670177,109343.635131931,109415.564542642,108546.285147751,119367.723449375,119446.255631387,118369.869235448,0.0037761025884569532,95.3857312310357,3884.5730462304355
1997-10-01,3916.58572299556,,3916.332471707433,1.0000646654210168,,,3933.1985616376733,3933.1985616376733,3933.1985616376733,3849158.3999,3863555.7957,4.762285053333334,4.67913341,109646.484020167,109722.746099563,112424.45194624,119819.685761734,119903.067239253,123323.412352609,0.0021777588186723262,95.59345834839961,3893.0327094386407
1998-01-01,3915.635806858196,,3931.5383819925987,0.9959551265715122,,,3948.4699577446363,3948.4699577446363,3948.4699577446363,3859362.6865,3875395.7474,4.482947313333333,4.33002383,110630.251179788,110594.124269106,109116.140911967,120843.300335675,120803.934648059,118844.86757185,0.003473606679969765,95.92551242388004,3906.5555738634885
1998-04-01,3949.608237164405,,3949.1760000379672,1.0001094499527088,,,3966.183534012208,3966.183534012208,3966.183534012208,3901885.1757,3892563.2452,3.9363690466666665,3.72140581,112012.652088418,111808.854200004,111407.153381998,122218.373855965,121996.130110713,121558.608914015,0.004458028510675671,96.35315109316687,3923.971109990311
1998-07-01,3974.809441156027,,3960.888113873589,1.003514698441917,,,3977.9460872746795,3977.9460872746795,3977.9460872746795,3919614.9934,3899086.815,3.4772883333333335,3.35670856,111548.632455716,111462.893663023,110749.214023719,122014.240266333,121920.577651583,120929.821740762,0.002320808351744974,96.57676829094083,3933.0778949143823
1998-10-01,3962.8300863987474,,3962.9005594729056,0.9999822167947184,,,3979.967199678641,3979.967199678641,3979.967199678641,3895955.8573,3909039.8565,3.2001586,3.15178828,110585.714450043,110618.144425417,113389.100883837,121258.573830719,121294.222983535,124853.899492624,0.0015303695069630585,96.72456643221433,3939.09695739327
1999-01-01,3953.2243528557747,,3966.7721352795397,0.996584683475194,,,3983.855448826009,3983.855448826009,3983.855448826009,3911130.2537,3927490.7268,3.0204437966666666,2.94028841,111263.778660172,111340.03430565,109941.75637869,121908.042931057,121991.62521431,120103.112768507,0.0028485033968866924,97.00008668825888,3950.3174884570703
1999-04-01,3977.3076372508385,,3977.2552653587795,1.0000131678478144,,,3994.383725586728,3994.383725586728,3994.383725586728,3964335.1683,3955936.0812,2.7631163666666665,2.68023058,112217.612460455,112297.880242412,111639.977636106,122575.127249201,122662.801321866,122199.639493124,0.004942681829433249,97.47952725418637,3969.8426509277588
1999-07-01,4001.3828848368994,,3989.4528785452662,1.002990386565485,,,4006.633869053119,4006.633869053119,4006.633869053119,4002811.6844,3982053.1495,2.5469284966666668,2.47259462,113446.437335874,113530.774414299,112807.574571579,123483.626826595,123575.413990209,122461.447984601,0.004834418217791403,97.95078405660568,3989.0345305611686
1999-10-01,3999.6214117537165,,3999.5661434466083,1.0000138185755976,,,4016.7906877733835,4016.7906877733835,4016.7906877733835,4008445.3815,4020559.8332,2.32762297,2.25770697,116277.964930043,116366.427543765,119471.121670418,126385.529020611,126481.6855748,130275.488087047,0.006102529079863639,98.54853156470658,4013.377729784499
2000-01-01,3997.756459163591,,4008.382931697398,0.997348937784917,,,4025.6454464326125,4025.6454464326125,4025.6454464326125,4033438.5342,4050351.2393,1.9582702433333334,1.89918892,117349.367292298,117370.105037473,116243.25613711,127011.608007719,127034.100262115,125470.511387523,0.00480710090178571,99.02226429966093,4032.6704414885526
2000-04-01,4013.5831239129143,,4014.6307138274688,0.9997390569670713,,,4031.9201352811583,4031.9201352811583,4031.9201352811583,4084756.6866,4077339.9671,1.8261287933333332,1.80115574,118233.422771357,118112.335162105,117254.894449603,127402.453265385,127272.046557513,126595.779397425,0.0041109922424625855,99.42934406002793,4049.2487183899207
2000-07-01,4032.4756136718543,,4021.781153429582,1.002659135302068,,,4039.101368989298,4039.101368989298,4039.101368989298,4107382.9756,4085991.6197,1.7478617733333335,1.71416136,119661.206564861,119398.457437473,118431.965355633,128388.227872268,128106.393949803,126759.91258103,0.0019514908595072988,99.62337951612788,4057.15079025173
2000-10-01,4043.3365097300384,,4041.4284143556943,1.0004721339038363,,,4058.8332428720623,4058.8332428720623,4058.8332428720623,4105797.223,4117025.2017,1.6088354333333335,1.55644341,121651.769303159,121613.131196258,124462.578791522,129981.564707816,129940.347110816,133396.133786553,0.006240165121525365,100.2450458542729,4082.468081105828
2001-01-01,4059.917479540938,,4069.1693928076033,0.9977263386274794,,,4086.6936907103686,4086.6936907103686,4086.6936907103686,4123075.6475,4140454.2744,1.5056208366666668,1.51508482,122136.483973674,122249.823075037,121096.071700886,129891.827737419,130012.398021338,128326.941362261,0.0062774644858385464,100.87433056950435,4108.0956294995385
2001-04-01,4082.3465711335384,,4085.4350601550786,0.9992440244487876,,,4103.029407832791,4103.029407832791,4103.029407832791,4140747.5061,4134438.5481,1.5914204733333335,1.63859739,122752.344739593,122869.393749606,122031.589437563,130468.633906813,130593.048855594,129996.766003452,0.0012721898365971596,101.00266186762843,4113.321907007158
2001-07-01,4104.182207876577,,4094.586360798239,1.0023435449231723,,,4112.220119496527,4112.220119496527,4112.220119496527,4167659.8081,4145712.2973,1.68450409,1.70634963,122633.491084019,122752.934904221,121717.694752303,130436.837408668,130563.869051109,129242.475961531,0.00248338638136103,101.2534905025917,4123.5368746131735
2001-10-01,4108.328036521872,,4104.453923016901,1.0009438803742547,,,4122.130177390154,4122.130177390154,4122.130177390154,4140296.1884,4150572.6397,1.8841171666666667,1.96137314,122451.947716196,122572.47071897,125299.254693016,130366.058234016,130494.343008337,133749.869574239,0.0017911413262204912,101.43484981385495,4130.922711919487
2002-01-01,4101.505423585635,,4110.2452438262935,0.997873649935174,,,4127.94643912024,4127.94643912024,4127.94643912024,4133915.9414,4151478.7694,2.1047405099999996,2.17365319,122019.796869396,121944.701864712,120438.152131805,130457.547904677,130377.222947058,128392.303364553,0.0008146494339683619,101.51748365684048,4134.287965768519
2002-04-01,4110.2272381949115,,4114.203777407248,0.9990334608037229,,,4131.922020534556,4131.922020534556,4131.922020534556,4148416.5023,4143290.9104,2.3402583299999997,2.42247934,122575.312011504,122232.563667381,121772.911231423,131112.551708487,130745.89404165,130354.069686815,-0.0005045929511878766,101.46625865016492,4132.201833202811
2002-07-01,4133.633987742487,,4124.209909888213,1.0022850626084,,,4141.97124545762,4141.97124545762,4141.97124545762,4185769.5197,4163274.4512,2.58106882,2.68383326,122784.45783068,122620.73975595,121642.989757058,131213.520790436,131038.535885224,129985.578356903,0.003627601414904813,101.83433779360935,4147.19181441961
2002-10-01,4126.269303413639,,4120.6948655359865,1.0013527907451434,,,4138.441063204161,4138.441063204161,4138.441063204161,4128723.9667,4138119.1157,2.94551244,3.04235104,122216.000755025,122231.614537204,124872.79642376,130366.774818985,130383.421504774,133459.848003995,-0.0034472474382998275,101.48328963351938,4132.8954180612145
2003-01-01,4096.60892504843,,4105.531627721153,0.9978266632724313,,,4123.212523340927,4123.212523340927,4123.212523340927,4109278.5571,4127013.4434,3.272878706666667,3.38811601,122035.928593984,122148.387857978,120958.762636764,129547.71184241,129667.11354593,128014.385521036,-0.0031817628652030527,101.1603938711248,4119.745524894259
2003-04-01,4097.672399670326,,4102.9894142871,0.99870411203152,,,4120.659361602379,4120.659361602379,4120.659361602379,4130189.7646,4126025.8507,3.57997916,3.66508092,122556.381624728,122669.917690433,122192.936066571,129386.321749815,129506.208887015,128947.860797915,-0.0004292581160719733,101.11696995103058,4117.977090691547
2003-07-01,4109.137421447308,,4099.82314355549,1.0022718730944429,,,4117.479454999125,4117.479454999125,4117.479454999125,4148145.8428,4125374.521,3.749900236666667,3.79735147,123840.907603647,123955.427598458,122837.201578375,130542.210252865,130662.930069825,129627.229866542,-0.00046477867002836515,101.06997294021944,4116.063142776128
2003-10-01,4109.451090354692,,4103.104364255418,1.001546810789062,,,4120.774806614599,4120.774806614599,4120.774806614599,4133841.4776,4142596.3353,3.84797184,3.85477566,125230.547668471,125345.958646583,128118.701317959,131878.548613272,132000.042358305,135203.106101275,0.002487469257272612,101.3213813907416,4126.301723304777
2004-01-01,4103.622218707285,,4113.137247107148,0.9976866737411798,,,4130.85089711166,4130.85089711166,4130.85089711166,4130897.3016,4148870.6763,3.902278593333333,3.93023015,126100.075165846,126143.452247128,124951.421683462,132740.367409035,132785.911423672,131356.957054533,0.00197989232146889,101.52198681575776,4134.471356402812
2004-04-01,4107.912579006531,,4114.654406317845,0.9983615082469713,,,4132.3745901250595,4132.3745901250595,4132.3745901250595,4156086.8341,4153029.9775,3.9066824533333335,3.91695194,127008.764660634,126897.269000914,126690.699997135,133701.612613708,133584.083852352,133183.728107454,0.0006856855006925899,101.59159897011881,4137.306303464925
2004-07-01,4122.2470902536825,,4114.440071893008,1.0018974679966794,,,4132.159332646904,4132.159332646904,4132.159332646904,4178109.697,4154342.5502,3.8840520899999995,3.89039475,127159.13502271,126892.780303957,125712.033633438,133761.082047095,133480.734390252,132552.15067153,0.00013198065969050043,101.60500709636989,4137.852347880198
2004-10-01,4124.475523920217,,4118.734233925682,1.001393945243479,,,4136.471987931502,4136.471987931502,4136.471987931502,4154506.9565,4162929.3664,3.8240432233333337,3.76504231,127969.968714155,127938.062252416,130887.017729202,134239.027217754,134205.420178611,137318.289124396,0.0015553151342592164,101.7630349016234,4144.288012260186
2005-01-01,4114.870580662106,,4123.724098212956,0.9978530286362552,,,4141.483341584251,4141.483341584251,4141.483341584251,4142735.1617,4160983.511,3.76978475,3.80426504,129283.944800865,129403.492615224,127840.606704258,135334.426919964,135459.493080982,133652.773855578,0.00037203987964196106,101.80089480888019,4145.829852673469
2005-04-01,4126.068507508246,,4132.605066695593,0.9984182957040766,,,4150.402556874119,4150.402556874119,4150.402556874119,4179792.927,4177598.0966,3.8087647600000003,3.82375881,131075.716570607,131197.1959955,131196.87550298,137021.036850163,137148.006993518,137100.984710823,0.0030732874736103533,102.11375822369864,4158.57117962741
2005-07-01,4161.403210384717,,4153.797110443483,1.0018311197535636,,,4171.685866345294,4171.685866345294,4171.685866345294,4226573.0553,4201743.2944,3.7914608899999998,3.79463925,133044.769748447,133169.18353237,132256.657355147,138387.267535427,138516.711708242,137533.518781172,0.005453847550807245,102.67067109389068,4181.251392870278
2005-10-01,4176.312138135855,,4170.359037743908,1.0014274791062514,,,4188.319119294725,4188.319119294725,4188.319119294725,4201120.6075,4209396.5927,3.6901484766666663,3.60617457,135075.983025887,135204.332636079,137800.808172499,139745.624130398,139878.495281844,142811.764737609,0.002904317785129784,102.96885934995987,4193.39507565469
2006-01-01,4184.437604979079,,4193.132744257551,0.9979263381798781,,,4211.190903125573,4211.190903125573,4211.190903125573,4218969.4969,4237765.7049,3.52691886,3.50071526,137649.347179031,137583.962448119,136425.527765881,141442.752498523,141375.696698399,139777.395570864,0.006100161368429946,103.59698600791779,4218.9754622977625
2006-04-01,4213.885761662274,,4220.523249429858,0.9984273305997122,,,4238.699368334931,4238.699368334931,4238.699368334931,4257922.5566,4256290.8305,3.3886485566666664,3.33980113,139567.573535224,139224.776587284,138729.750551625,142669.807979087,142319.54519246,141787.540142689,0.00545183319815612,104.16177949546467,4241.976612785324
2006-07-01,4256.128825364207,,4249.015766934572,1.0016740484902384,,,4267.3145918065275,4267.3145918065275,4267.3145918065275,4329158.4436,4303335.1202,3.2718570733333334,3.24103963,141088.737561208,140937.05190504,140161.149693975,143728.652356813,143574.282877471,142666.164699005,0.008901914268916622,105.0890187266311,4279.738324923088
2006-10-01,4285.27623246352,,4278.409166552602,1.001605051233669,,,4296.834577133226,4296.834577133226,4296.834577133226,4329011.7284,4337057.0198,3.1307866,3.05435869,144036.451100132,144075.121857965,146322.01386226,145726.872130621,145766.12887778,148584.094226472,0.007376960220448203,105.8642562373834,4311.309784299974
2007-01-01,4294.897047797534,,4301.030381523074,0.9985739850264964,,,4319.553212700335,4319.553212700335,4319.553212700335,4344365.8107,4364069.6581,2.956545473333333,2.88166754,146358.638624734,146472.438303507,145022.230098603,146758.014851479,146872.209295881,144946.964683996,0.005757814756956248,106.47380301418119,4336.133507397825
2007-04-01,4323.712336154518,,4327.011149331041,0.9992376231392343,,,4345.64586936592,4345.64586936592,4345.64586936592,4408230.2637,4406996.2607,2.778803956666667,2.71318668,149179.195621451,149295.87974461,148896.055521301,148803.220910501,148919.645912581,148507.263925987,0.007938480633690181,107.3190432374046,4370.555819271398
2007-07-01,4366.397690822019,,4361.992699344599,1.0010098575997346,,,4380.778071034486,4380.778071034486,4380.778071034486,4468187.9185,4441169.388,2.67932725,2.65170585,151060.776376391,151181.35024371,150221.750247027,150105.155940182,150224.95102372,149313.046880795,0.007919375198524148,108.16894300674824,4405.1678906303005
2007-10-01,4392.090590341538,,4393.315115856558,0.999721275282394,,,4412.23538076543,4412.23538076543,4412.23538076543,4477282.3016,4485288.3168,2.633219046666667,2.58875031,152814.973224681,152940.438360437,155328.699104546,150969.004654357,151092.885945776,153892.20967024,0.008557418931590566,109.0945899674443,4442.8647577344145
2008-01-01,4406.109125020253,,4403.541239736941,1.0005831409639454,,,4422.505544503575,4422.505544503575,4422.505544503575,4502710.3209,4523239.5863,2.5531711933333336,2.53610648,154354.639175361,154395.835751161,152320.252599444,151947.816370273,151988.249136826,149488.493893044,0.005394466518653052,109.68309708038986,4466.831642916916
2008-04-01,4432.81825679354,,4429.7402443863775,1.000694851670154,,,4448.817377870107,4448.817377870107,4448.817377870107,4560412.0442,4559753.8283,2.5066145533333333,2.48718607,156571.918539273,156413.436417143,156475.067662371,153627.637414276,153471.987695077,153522.595501428,0.007011058606357534,110.45209170214726,4498.148861350138
2008-07-01,4472.4907657739095,,4471.610298207218,1.0001969016770187,,,4490.867749398452,4490.867749398452,4490.867749398452,4601047.3465,4572776.4357,2.5183691666666665,2.55405935,157221.642603003,156862.547993615,156300.407603627,154519.452449285,154166.386463957,153701.401146569,0.006154011390018033,111.13181513253359,4525.830520676884
2008-10-01,4481.6339400473735,,4490.849830888046,0.9979478514785146,,,4510.190139112169,4510.190139112169,4510.190139112169,4543311.2387,4551332.2474,2.7210952266666664,2.81966394,154089.358555394,154040.360392976,156840.737211078,150995.081470349,150946.960934517,154049.416956934,-0.00019346874085351962,111.11031460019113,4524.954913944732
2009-01-01,4470.491694035049,,4467.708563457685,1.000622943627104,,,4486.949211425586,4486.949211425586,4486.949211425586,4525196.6909,4545607.736,3.11948023,3.29251216,151738.607736578,151913.772242099,150171.028208321,148568.081349288,148739.542767959,146513.359443746,-0.00320537394719278,110.75416449250729,4510.450741351351
2009-04-01,4474.752985614283,,4465.483356730863,1.0020758399803333,,,4484.714421616368,4484.714421616368,4484.714421616368,4523370.9453,4523412.4602,3.5979657166666663,3.81262742,152236.360024135,152412.663554934,151884.241706639,149034.007101121,149206.599694495,148757.728748487,-0.002690430274066069,110.45618813537776,4498.315688127136
2009-07-01,4474.412569959279,,4474.119129047805,1.0000655862982204,,,4493.38738477795,4493.38738477795,4493.38738477795,4548073.1388,4519981.9913,4.02081304,4.10921884,153912.142747589,154088.507919368,153748.81206664,150328.518374499,150500.795074928,150283.841628499,0.0005877567235277881,110.52110950260958,4500.959603417384
2009-10-01,4456.802690131677,,4470.2359176089485,0.9969949622962061,,,4489.487449888309,4489.487449888309,4489.487449888309,4527411.6656,4534901.8592,4.124481556666667,4.0995707,155112.381854675,155287.7263532,158217.061062738,151228.492804753,151399.463814761,154582.888046867,0.0012164706450983886,110.6555551879832,4506.434888649715
2010-01-01,4419.939315102999,4439.09905838943,4420.063598380295,0.9999718820160564,19.035460009135022,-0.4288135893962486,4439.09905838943,4439.09905838943,4439.09905838943,4530916.5543,4551505.6626,3.702966943333333,3.70615778,157047.362465162,156904.855805529,155000.859179137,153057.077727815,152918.186269434,150796.116463382,-0.003781151626916446,110.23714975545681,4489.395375038904
2010-04-01,4479.732380919495,4477.55925750054,4467.6743404138515,1.0026989524273453,9.884917086688802,-0.22076574576048724,4486.914840996683,4477.55925750054,4477.55925750054,4563344.2096,4563501.7298,3.614890256666667,3.58568759,158560.475186817,158016.596041401,157866.668415184,154252.87097601,153723.752482883,153536.376885597,0.005649795585709438,110.85996711752637,4514.759541211301
2010-07-01,4509.062123426431,4502.75381658365,4506.773866685677,1.000507737199256,-4.020050102026289,0.0892798111062687,4526.182753413222,4502.75381658365,4502.75381658365,4603705.8727,4575863.873,3.4654944466666664,3.40345858,159300.675827921,159025.013920564,158358.239078778,155027.989304789,154759.710634882,154292.875671684,0.004167883571360775,111.3220185531971,4533.57653333176
2010-10-01,4518.111304549879,4506.6557565088,4528.704187288456,0.9976609461999499,-22.048430779655973,0.48924151235230084,4548.207519204748,4506.6557565088,4506.6557565088,4593691.5452,4600351.8457,3.271159406666667,3.21919929,160721.894409158,160715.923510895,163978.234699641,156171.358864815,156165.565176859,159429.046124344,0.003109059645406198,111.66812534872601,4547.671693180903
2011-01-01,4539.0751957236635,4559.24635820405,4547.061380255968,0.9982436602754081,12.184977948081723,-0.26725859913570016,4566.6437693181215,4559.24635820405,4559.24635820405,4569438.3183,4590375.4001,3.0698896733333334,3.01208026,161138.651009549,161371.14146134,159826.896075901,156256.348729321,156481.836198901,154627.205638232,0.004750456906896794,112.19859996606908,4569.275211586073
2011-04-01,4593.773026688658,4591.50156635996,4584.792242100268,1.0019588204032288,6.709324259692039,-0.14612483874226756,4604.537123012541,4591.50156635996,4591.50156635996,4620384.3386,4620593.5461,2.7736989,2.73946954,162011.351022999,162246.792389673,162108.632155396,157507.936340359,157736.870270408,157472.936329002,0.006828807743994858,112.96478263438276,4600.4779135353965
2011-07-01,4610.629923820162,4605.45132296562,4602.877096116658,1.001684343844428,2.5742268489620983,-0.055895213485923634,4622.699861318996,4605.45132296562,4605.45132296562,4657358.5696,4630171.9969,2.70742993,2.70679602,161029.929997144,161267.241865191,160387.168670104,156707.274790546,156938.211528967,156140.363986272,0.0025555800909510262,113.25347318386179,4612.234803300087
2011-10-01,4646.846584633179,4632.78497278057,4644.572988310017,1.0004895167605041,-11.788015529446966,0.2544477155470348,4664.575321174838,4632.78497278057,4632.78497278057,4638094.3356,4643427.9791,2.791117143333333,2.82877184,161491.749786833,161729.85526333,164432.910296435,157142.671764837,157374.280918387,160386.179446557,0.004399010536974335,113.75167640574652,4632.524072798803
2012-01-01,4630.940138494016,4652.05917922564,4651.801756821222,0.9955153681481338,0.2574224044183211,-0.005533515256384014,4671.8352211236,4652.05917922564,4652.05917922564,4649923.4237,4671583.4756,2.831972786666667,2.82240735,162612.368360574,162642.872789726,161079.706018191,157810.589658089,157839.9917105,155760.413734556,0.005111954169244037,114.33316976220736,4656.20532354687
2012-04-01,4665.562844286206,4663.747581255,4660.817499378027,1.0010181357473904,2.930081876973418,-0.06282676808561094,4680.889790906093,4663.747581255,4663.747581255,4700261.0456,4700467.5869,2.841855256666667,2.85072835,163006.09162782,162796.246417083,162642.087478373,158180.358001695,157976.460280331,157705.085373592,0.004347730140099926,114.83025953039568,4676.449247770549
2012-07-01,4717.005525919611,4714.13698835792,4707.855166762315,1.0019436365039214,6.281821595604924,-0.1332549650364112,4728.130030858963,4714.13698835792,4714.13698835792,4762415.4115,4735818.1084,2.9048187366666665,2.92623576,164514.460772271,164064.021759492,162632.081263704,159525.680662521,159088.624468181,157973.457884601,0.0091625639246663,115.88239912382896,4719.2975129437045
2012-10-01,4704.359584612684,4686.21092225937,4688.767008600324,1.0033255173447,-2.556086340953698,0.05454484194922227,4708.9596675740695,4686.21092225937,4686.21092225937,4743910.6515,4747816.4393,3.042544363333333,3.0803223,164609.17727339,164518.324941036,167319.117068511,159637.05972345,159548.718438711,162627.310065763,-0.0016951846092932987,115.68595706434627,4711.297432433086
2013-01-01,4677.661142524929,4699.48462237458,4705.042791819596,0.9941803612621176,-5.558169445015665,0.11827189344451039,4725.305544133334,4699.48462237458,4699.48462237458,4741226.4776,4763542.3108,3.1140787433333337,3.10419728,165115.823921882,165289.579044227,162736.646182477,160224.721914611,160393.195119444,157661.607013357,0.0030723670255735636,116.04138678415268,4725.7722673121625
2013-04-01,4718.6606631769,4718.15294835259,4718.455087810086,1.0000435683635815,-0.302139457496196,0.006403765643114845,4738.775601560572,4718.15294835259,4718.15294835259,4777275.2928,4777610.7598,3.13411382,3.13880433,166392.630513985,166567.755952544,166701.428011769,161348.026146574,161517.801012595,161388.952669842,0.0034628892595303107,116.44322525610852,4742.137093339624
2013-07-01,4753.193345575428,4752.4697889526,4746.346564162812,1.0014425371851914,6.123224789787855,-0.12884300293758422,4766.7871954344355,4752.4697889526,4752.4697889526,4818193.7927,4792489.6824,3.17425959,3.18726355,167377.750868502,167556.145530566,166646.53204045,162464.342953441,162637.549698104,161827.980689782,0.00519383264565576,117.04801188080914,4766.766959785186
2013-10-01,4794.68407667238,4772.19829767348,4771.432349898534,1.0048731125307357,0.7659477749457437,-0.016050208460938187,4791.9810156951235,4772.19829767348,4772.19829767348,4793057.2475,4795498.3686,3.2118038933333337,3.23446361,167753.679138023,167937.219574961,170836.65356252,162854.021989368,163032.335801364,166232.350016616,0.002389501855304621,117.32769832235805,4778.157158279398
2014-01-01,4738.49572714174,4761.20747434258,4763.470348334976,0.9947570532895276,-2.2628739923957255,0.04752731328323545,4783.984724950204,4761.20747434258,4761.20747434258,4787760.0024,4810433.3639,3.080273736666667,3.06967742,168631.646758509,168514.612703788,166351.857663625,163906.900220584,163793.360334227,161305.039307836,0.0004056418547593865,117.37529134752018,4780.095378811414
2014-04-01,4817.906249853268,4818.71202513354,4820.4344585955105,0.9994755226393068,-1.7224334619704678,0.03574468557130395,4841.194157029912,4818.71202513354,4818.71202513354,4814277.4828,4814671.7465,3.01742116,3.02221505,169917.757457462,169406.120974311,169048.185464397,165377.64698812,164879.928711737,164475.251060719,0.006479402726678907,118.13581313032202,4811.067541842669
2014-07-01,4834.743055647275,4835.46585488154,4834.980953577781,0.9999507965113441,0.4849013037583063,-0.010028016292762398,4855.803297993931,4835.46585488154,4835.46585488154,4855627.2253,4831087.6463,3.021367526666667,3.04069105,170186.724081921,169951.025262685,169219.97479412,166367.439751112,166137.261356355,165238.96260208,0.0034431923859459257,118.54257746259988,4827.632972971014
2014-10-01,4909.854504246201,4883.63188714716,4883.178094140082,1.0054629197608274,0.45379300707827497,-0.009292121469528514,4904.2080045157045,4883.63188714716,4883.63188714716,4841567.6293,4842556.6852,3.050110646666667,3.06903107,170282.729043862,170323.545479457,173578.378368144,167250.417634108,167290.669722024,171041.948871081,0.006167499353341044,119.27368873244383,4857.40739620998
2015-01-01,4868.996227799842,4893.36236852912,4892.018538226172,0.9952939036828192,1.3438303029488452,-0.027462309180115163,4913.086520886529,4893.36236852912,4893.36236852912,4825944.8639,4848754.835,3.0855477466666668,3.11879355,169589.24049041,169856.69732609,167605.687836027,166950.761646018,167214.097936368,164673.929710155,0.0016362007899125564,119.46884443616365,4865.355090028586
2015-04-01,4889.5222180144865,4891.3863546529,4891.5909968560845,0.9995770744440964,-0.2046422031844486,0.0041837260103205764,4912.657138265412,4891.3863546529,4891.3863546529,4871139.3903,4871733.6516,3.1455082400000003,3.17932774,169250.581472658,169527.424067123,169430.667793467,167220.435781371,167493.93301796,167298.336680266,0.002167650936901022,119.72781118873618,4875.901481547843
2015-07-01,4892.08647479873,4892.24642396521,4895.654771557309,0.9992711298232648,-3.408347592098835,0.06966835471333699,4916.738414031743,4892.24642396521,4892.24642396521,4907196.8725,4883709.7908,3.20488518,3.23415215,169881.475563292,170167.86340609,169609.259975457,168380.512491525,168664.336343476,167918.703621472,0.0013170622439117041,119.88550016839905,4882.323347294222
2015-10-01,4946.014333453288,4918.76840494506,4918.509559510408,1.0055920952496056,0.25884543465235765,-0.005262403377070957,4939.6916284876315,4918.76840494506,4918.76840494506,4902677.3708,4902232.1998,3.283479643333333,3.30398721,170574.856612608,170870.917609264,174113.872350532,169630.183039812,169924.619754245,173727.864473326,0.004606959962477619,120.43780786775646,4904.816015479076
2016-01-01,4933.354471913251,4959.18207294094,4954.051968263268,0.9958221075429559,5.130104677672534,-0.10344658861517475,4975.387104291538,4959.18207294094,4959.18207294094,4874303.4634,4897144.8215,3.3233750699999995,3.33908043,171200.492166898,171219.289105289,168920.027751412,170470.533394979,170489.373353801,168083.499648244,0.003589224583188555,120.87008620850075,4922.42050169785
2016-04-01,4950.0242549410295,4952.16585088307,4951.662291695275,0.9996691945739112,0.5035591877949628,-0.010168463717852294,4972.987136334806,4952.16585088307,4952.16585088307,4908751.5035,4909682.9978,3.317953323333333,3.31841191,172201.337417503,171893.837467331,172445.064906671,171283.353036986,170977.67772724,171247.531782552,0.0005727545733718586,120.93931510316051,4925.239840552257
2016-07-01,4973.119555152888,4971.75254817185,4974.114828765326,0.9997999094016305,-2.362280593475589,0.04751404199196951,4995.536367572709,4971.75254817185,4971.75254817185,4935075.2965,4912882.7092,3.32866153,3.33850188,172811.498093231,172179.181643018,171242.251228646,172007.487409557,171378.312281796,170270.248999997,0.002303446215794369,121.21789231087565,4936.584865624857
2016-10-01,5012.574432748417,4985.46305632385,4988.745567457022,1.004776524472772,-3.282511133172193,0.06584164993477248,5010.230115050382,4985.46305632385,4985.46305632385,4943859.4241,4941838.4746,3.323123433333333,3.32011436,172130.685133293,172018.918896445,174764.059699398,171560.087355184,171448.858064538,174730.870963017,0.0043257626758256285,121.7422521450763,4957.939360182623
2017-01-01,4962.355490463287,4988.83852393841,4986.944235002218,0.9950693764798204,1.894288936191515,-0.03797054017887769,5008.421024971475,4988.83852393841,4988.83852393841,4911060.4609,4933784.6315,3.1947757366666667,3.17360279,171724.48822995,171946.14376017,170579.600792404,171668.850504004,171890.520716294,170086.702574809,-0.00047633204286451347,121.68426240940913,4955.57773479879
2017-04-01,5014.149291672979,5017.98842029626,5014.538268838653,0.9999224301132389,3.450151457607717,-0.06875566798147936,5036.133895362156,5017.98842029626,5017.98842029626,4944412.9987,4945704.5633,3.1121085466666667,3.08739909,172809.562067579,173043.758148371,172339.701323612,173069.51306916,173304.085184347,172931.11367204,0.004129502001231411,122.18675781454716,4976.041802971899
2017-07-01,5023.959136819065,5019.61401568568,5019.185639623225,1.000951050138125,0.42837606245484494,-0.008534043875008113,5040.801280528592,5019.61401568568,5019.61401568568,4989643.1775,4968868.7668,3.057247953333333,3.02029906,174577.832496193,174821.633882499,173884.333335955,174418.528269159,174662.085724644,173459.098593127,0.002503827509011902,122.49269238000021,4988.500953324174
2017-10-01,5049.736105795824,5022.28176960144,5027.86411424723,1.0043501556628422,-5.582344645789817,0.11115156221577216,5049.517129899129,5022.28176960144,5022.28176960144,5003577.8851,4999678.4891,2.97847421,2.96180975,176953.26647534,177203.727914617,179989.128813049,176172.677747834,176421.985435405,179565.934731087,0.0033660082821580506,122.90500379705513,5005.292288848616
2018-01-01,5011.675957803859,5039.80734754032,5041.225969144002,0.9941383283508799,-1.418621603682368,0.028148330002619737,5062.936529002874,5039.80734754032,5039.80734754032,5005086.2207,5028215.702,2.8376877033333336,2.71857896,178887.250112846,178726.503240703,176506.477541564,178409.998806368,178249.622833449,175819.120316179,0.0045986872281846836,123.47020546829664,5028.310062570677
2018-04-01,5053.759973280379,5060.00326965716,5051.311345850639,1.0004847508423231,8.691923806521118,-0.17177703932808042,5073.065339425044,5060.00326965716,5060.00326965716,5035544.7303,5036866.0944,2.48754316,2.46171416,182234.417790806,181471.528317942,181461.923621145,180340.037738276,179585.017623939,179618.189139585,0.0028638253853455753,123.82380257705057,5042.710264573254
2018-07-01,5093.1582031858625,5085.90949163313,5087.790088128156,1.0010550975894672,-1.8805964950261114,0.036976601689819866,5109.701181170556,5085.90949163313,5085.90949163313,5060867.6478,5041650.8576,2.432943853333333,2.41766414,181737.197168559,181375.913908193,179918.498001158,179696.466347786,179339.182539901,177961.626651308,0.0030348759341911613,124.1995924555717,5058.014264598307
2018-10-01,5099.597801891784,5070.17203349076,5080.282512197491,1.0038020109409098,-10.110478706730646,0.19941095962714428,5102.161273089411,5070.17203349076,5070.17203349076,5062668.0806,5057167.2254,2.4005966366666667,2.41798267,181992.891195688,182030.278237608,185248.813163835,180243.081103402,180280.060441052,183588.03837655,-8.344462565201827e-06,124.19855607672186,5057.972058187622
2019-01-01,5055.709063579087,5085.53591677484,5081.941251387146,0.994838156029273,3.5946653876944765,-0.07068410186303886,5103.827155810558,5085.53591677484,5085.53591677484,5065754.3046,5088591.2591,2.3857772466666667,2.34258885,182301.706998529,182530.022475243,180563.723533351,180398.153955501,180624.052695216,178279.402728895,0.004622005472127211,124.77260248253874,5081.350032718431
2019-04-01,5108.320124230924,5118.16813795003,5103.318416825509,1.0009800892276135,14.849721124520329,-0.29013742269257126,5125.296384217871,5118.16813795003,5118.16813795003,5108749.1862,5110475.412,2.2649967866666665,2.24377265,183293.101862135,183517.482109029,182941.369100014,181602.958140658,181825.251451664,181337.625958388,0.005358651975668649,125.44121543534114,5108.579219110322
2019-07-01,5103.8728590522405,5094.093800352,5100.816607085216,1.000599169153186,-6.722806733216203,0.13197257444987898,5122.783800175759,5094.093800352,5094.093800352,5140716.8844,5122801.9701,2.24756121,2.24785328,183415.842404751,183638.350245391,182490.165971093,182148.208302245,182369.174588578,181301.478268534,-0.0011458420463442698,125.29747961635078,5102.725594243984
2019-10-01,5139.016187189194,5106.98753114965,5116.206679311532,1.0044582850747417,-9.219148161882003,0.18052027943382676,5138.2401513362765,5106.98753114965,5106.98753114965,5135511.3795,5128719.4739,2.3144488033333332,2.37172038,183226.919281413,183449.628551954,186703.422733222,182523.07687623,182744.940393333,186205.533081602,0.001843122020985133,125.52841816020562,5112.13054015378
2020-01-01,5109.358728125229,5140.76004243589,5132.4217136204425,0.9955064126094697,8.338328815447312,-0.16220031175577798,5154.525017363728,5140.76004243589,5140.76004243589,5134813.2834,5156999.9252,2.5401975599999997,2.85330272,180351.76277699,180676.921902151,178738.677623204,180444.865563151,180770.21480618,178385.377138996,0.006063567743550657,126.28956822746076,5143.128289997876
2020-04-01,5010.036220197393,5021.86537902834,5018.11239626543,0.9983905948232554,3.752982762909596,-0.07473284287113913,5039.723415137525,5021.86537902834,5021.86537902834,5101982.9939,5104349.948,3.43362778,3.49513756,168537.877158197,168866.166122186,168349.100036466,168932.02047602,169261.096645753,168839.746520385,-0.016668628705876154,124.1844943052518,5057.399394145214
2020-07-01,5063.581852915382,5053.7304193032,5061.583868986886,1.0003947349249205,-7.853449683686449,0.15539906231818446,5083.382102242238,5053.7304193032,5053.7304193032,5150796.7761,5134214.9808,3.4303042233333336,3.39752667,179107.164914332,179438.340928527,178818.202733595,179221.53346404,179552.927120173,178856.864095062,0.0060980790624471926,124.94178116985525,5088.239815501083
2020-10-01,5121.85317961551,5087.86616917698,5091.503824456667,1.005960784122967,-3.6376552796864416,0.0714966777570547,5113.430911087799,5087.86616917698,5087.86616917698,5157215.6532,5149555.4982,3.3475297833333335,3.33733766,181462.387776952,181797.017299991,185267.871133033,180860.773123262,181194.270754243,185091.930767896,0.004871232082338084,125.55040158271431,5113.025812532983
2021-01-01,5033.113034944584,5063.5452450682,5051.217967902335,0.9964157292215855,12.32727716586487,-0.243451506192649,5072.97155933497,5063.5452450682,5063.5452450682,5130414.0055,5151219.1661,3.3557200733333334,3.32413037,183621.115869526,183738.610601536,181594.569595856,182148.945559849,182265.432639497,179993.788007039,-0.002228555688997047,125.27060552101129,5101.631149770474
2021-04-01,5057.021617894949,5070.59155057298,5074.388855970934,0.9965774719736833,-3.7973053979540055,0.07488880459174396,5096.2422352241265,5070.59155057298,5070.59155057298,5178040.1961,5181379.6424,3.1774184533333334,3.06496534,190367.32325751,190161.366290486,190311.110829188,187163.916960811,186961.315669317,187025.660150916,0.0036232962995355056,125.72449804243614,5120.115871037032
2021-07-01,5139.213972668665,5130.16028145812,5136.947855362431,1.0004411408038465,-6.7875739043111025,0.13230724834940588,5159.070651402198,5130.16028145812,5130.16028145812,5245009.7332,5229295.4262,2.86665368,2.75036935,195525.382661496,194995.068244243,194057.088768426,191224.539428335,190705.735670624,189950.403571683,0.010497787081135801,127.04432705376831,5173.865757281923
2021-10-01,5204.62274158266,5169.08086035681,5168.84667049228,1.0069214804328832,0.2341898645299807,-0.0045305900769676555,5191.10684207116,5169.08086035681,5169.08086035681,5273910.0211,5265319.8237,2.550965526666667,2.48487279,198194.481310173,198153.018808001,201656.344125707,192679.662189463,192639.156600435,196081.644060345,0.007237789314384235,127.96384712657121,5211.313107574037
2022-01-01,5130.546286933266,5160.70278531965,5145.186197524734,0.9971546393017784,15.516587794915722,-0.30066811518491,5167.344472835167,5160.70278531965,5160.70278531965,5276094.0164,5296224.5464,2.3671757366666664,2.3046477,201222.532396518,201198.399244354,199613.13332489,193095.181254772,193071.78599829,191218.510604996,0.0021243403785799475,128.23568589402063,5222.383710433879
2022-04-01,5152.235949820328,5165.26495975713,5184.505920617107,0.9937756902410981,-19.24096085997735,0.37250675444309156,5206.833530372585,5165.26495975713,5165.26495975713,5321262.3153,5325497.6942,2.2000501766666667,2.15086642,204262.536140268,203770.126750656,203714.996613362,194892.531626345,194422.470836685,194257.328367284,0.0032055973220938005,128.6467578653194,5239.124569670993
2022-07-01,5204.931892647303,5198.14275877173,5199.30452466528,1.001082330907014,-1.1617658935501822,0.022349634234064553,5221.695866136214,5198.14275877173,5198.14275877173,5367585.4188,5352718.8707,2.0816647866666664,2.04620306,206412.516430924,205809.003551548,204514.61386359,195965.680685564,195392.508386572,194282.389607946,0.005738326059987808,129.3849749085109,5269.188374720659
2022-10-01,5253.813872129656,5218.33189227216,5213.639650205061,1.00770560004526,4.6922420670989595,-0.08991842918323334,5236.092727373427,5218.33189227216,5218.33189227216,5396461.1255,5386767.4692,1.9974707633333333,1.97926979,207673.622129342,207081.091651222,210148.35701841,196333.062850801,195772.759738098,198949.599715502,0.005122452110209008,130.04774324626035,5296.179539829836
2023-01-01,5244.316054383789,5273.6005102658,5261.383823331828,0.9967560304434834,12.216686933971687,-0.23165742096297182,5284.042515708663,5273.6005102658,5273.6005102658,5390469.1227,5410080.2586,1.9268441166666666,1.90294564,208784.783543252,209096.870392365,207704.612166291,196711.873285378,197005.898170852,194994.58305594,0.007459515365860647,131.0178363853013,5335.686472487552
2023-04-01,5302.462882999891,5313.99339931148,5324.143082341956,0.995927945773289,-10.149683030475899,0.19099916518132698,5347.072053944077,5313.99339931148,5313.99339931148,5435524.8127,5440509.3111,1.91904688,1.92815747,207830.019705992,208158.269069715,208093.142265896,196006.285435739,196315.914202095,196136.306707715,0.006641981095262928,131.88805437771472,5371.126001168065
2023-07-01,5310.7678295862015,5305.6265020267,5308.873496036208,1.0003568240138716,-3.2469940095079437,0.06119906872954495,5331.736707589179,5305.6265020267,5305.6265020267,5468726.0117,5454704.9149,1.9976541133333334,2.02248468,208437.860626637,208783.869559492,207639.423256183,196860.117488806,197186.986783887,195812.249411791,0.0005173694723010214,131.95628923081094,5373.904857792952
2023-10-01,5357.708967206838,5324.14137255655,5324.069688814816,1.0063183392326158,0.07168374173397751,-0.0013463906519017854,5346.998344340139,5324.14137255655,5324.14137255655,5491235.8256,5480448.7674,2.088574566666667,2.12666873,209356.192596148,209721.584888031,212104.371038118,197532.53545484,197877.352187331,201108.896310694,0.004104617735429361,132.49791935588917,5395.9626829807585
2024-01-01,5305.286294697755,5333.06977768867,5322.310119769989,0.9968014218094885,10.759657918681114,-0.20175355596686595,5345.231197529644,5333.06977768867,5333.06977768867,5482784.1014,5502034.9504,2.20314498,2.22814359,210657.036891187,210834.456792951,208994.890760916,197544.7562218,197711.12883272,195234.154570819,0.0028078640688460332,132.86995550284541,5411.1138127151335
2024-04-01,5331.103723379799,5339.35886379489,5343.034777638303,0.9977669892196017,-3.675913843413582,0.06884560369859738,5366.045108275723,5339.35886379489,5339.35886379489,5496262.9569,5501790.6657,2.307730193333333,2.3678737,213115.463543433,212934.010252357,212978.874250609,199472.81677413,199302.936675236,199335.547093736,0.0005674314736742736,132.94535009750345,5414.184249000103
2024-07-01,5344.871090292252,5342.23054659237,5346.422277603232,0.9997098644232648,-4.191731010861986,0.0784640605511866,5369.447196858819,5342.23054659237,5342.23054659237,5528993.8796,5515749.4041,2.473500523333333,2.52097721,214845.491029031,214303.260876926,213490.722678485,200328.469054486,199822.822189602,198884.21604688,0.001537479648949902,133.14975086770087,5422.508447098605
2024-10-01,5387.298064579497,5355.93911850837,5361.541901843835,1.0048038723201629,-5.602783335465574,0.10460879430282954,5384.631935321464,5355.93911850837,5355.93911850837,5535444.746,5523949.3036,2.5752983866666668,2.59351108,215593.368754133,215633.921800095,217986.786593457,200725.019517534,200762.734941139,203790.500949328,0.0020263551178253403,133.41955954680878,5433.496374841834
2025-01-01,5342.961599969217,5369.16361463463,5358.708635434905,0.9970614122660884,10.45497919972513,-0.19472267843035906,5381.786467158368,5369.16361463463,5369.16361463463,5511284.6393,5529963.9845,2.6672434099999998,2.72028515,217887.444024546,218079.535692747,216314.719638806,202350.686119039,202529.080567779,200295.059402913,0.001778982255317918,133.65691057575486,5443.16246847701
2025-04-01,5361.88360626163,5367.86482988755,5363.561169419387,0.9996872296027276,4.303660468162889,-0.08017453129968155,5386.659899081205,5367.86482988755,5367.86482988755,5515476.4641,5521288.8123,2.8027589933333332,2.87413552,217908.348489805,218116.614770169,217816.548307877,202640.520413404,202834.225656088,202487.810124707,-0.0009053272415057156,133.53590733359513,5438.234625214356
2025-07-01,5364.069754530041,5363.09877491356,5369.200092154364,0.9990444875332885,-6.101317240803837,0.11376477474820401,5392.323106418842,5363.09877491356,5363.09877491356,5531816.2788,5519483.1575,2.9359603033333332,2.96539862,216156.403587015,216383.110060484,215620.43407456,201780.955541408,201992.636722233,200925.633612776,-0.0006074607842622148,133.4547895065991,5434.931110943921
2025-10-01,5391.586925187709,5361.68075321277,5373.985243944443,1.0032753497533513,-12.304490731673468,0.2294894324750718,5397.128865958903,5361.68075321277,5361.68075321277,5544105.5694,5532164.4509,2.96250366,2.96615644,215833.523091827,216080.937851743,218917.254858662,202217.968431386,202449.837691272,206000.265028988,0.0010165737272990194,133.59045613939372,5440.456119120987
2026-01-01,,,,,,,,,,,,2.9696573633333334,3.00117561,218742.230456026,218513.461651998,216396.532672601,203544.329487444,203331.517668815,200857.665641421,,,
2026-04-01,,,,,,,,,,,,3.00703784,3.00703784,,,,,,,,,
