date,gdp_nom_csa,gdp_nom_cssa,gdp_nom_nasa,gdp_real_csa,gdp_real_cssa,gdp_real_nasa
1980-01-01,50870.6180388267,50870.6180388268,49949.5215735596,91191.377449122,91191.3774491219,89202.3992855341
1980-04-01,51589.1446214272,51589.1446214273,51718.7350780042,91654.1173856165,91654.1173856164,91839.6996107304
1980-07-01,52513.4658212934,52513.4658212935,52002.7299308671,92101.6299555753,92101.6299555752,91077.8989770857
1980-10-01,53339.752018117,53339.7520181171,54793.8176330851,92639.2586647213,92639.2586647211,95603.7899794124
1981-01-01,54375.8160553943,54375.8160553944,52977.6588461135,92657.9134678079,92657.9134678079,90183.6009769552
1981-04-01,55376.645297778,55376.6452977781,55522.0137701578,93539.4388034164,93539.4388034163,93716.4632148534
1981-07-01,56529.1029685959,56529.102968596,56051.2316907138,93820.6046395656,93820.6046395656,92951.6654237371
1981-10-01,57563.9741829747,57563.9741829748,59242.518267027,93674.7644599386,93674.7644599386,96760.551154434
1982-01-01,58319.8380431689,58319.838043169,57055.0290933851,92868.6627772004,92868.6627772004,90694.5380812284
1982-04-01,59218.7780361761,59218.7780361762,59324.427081101,92390.0300193995,92390.0300193995,92530.2615228387
1982-07-01,59558.1248052249,59558.124805225,59074.5720197184,91729.4810949674,91729.4810949672,90924.2398150716
1982-10-01,59956.4404308038,59956.4404308038,61638.1104410384,91729.0824956874,91729.0824956873,94571.0969838201
1983-01-01,60303.4010299229,60303.4010299229,59277.0273303926,92203.2436599208,92203.2436599208,90386.1271571208
1983-04-01,60610.5081312476,60610.5081312477,60666.8895778404,92447.7955122634,92447.7955122633,92476.6219362762
1983-07-01,61226.6985576034,61226.6985576035,60588.2908488397,92931.1807854932,92931.1807854931,92015.745852971
1983-10-01,62087.6738677659,62087.673867766,63722.6974246094,93468.0744582002,93468.0744582002,96198.056105487
1984-01-01,63539.6137431693,63539.6137431696,62628.273085548,94176.5177782582,94176.5177782583,92442.5962858524
1984-04-01,64678.7189121558,64678.718912156,64803.0940466723,94847.7009409312,94847.7009409313,94888.4222044056
1984-07-01,65927.0155289791,65927.0155289792,65212.9572940553,96181.142552232,96181.142552232,95299.6166824031
1984-10-01,66740.8213998866,66740.8213998862,68418.2527536376,96928.0307947866,96928.0307947864,99609.592168492
1985-01-01,67816.1539520798,67816.1539520787,66576.5390437936,98108.8752310712,98108.8752310707,95914.828988163
1985-04-01,68888.1629755131,68888.1629755121,68938.6812580236,98846.4021179132,98846.4021179128,98793.0268083895
1985-07-01,69528.1790626989,69528.1790626989,68747.0196004841,99173.4512465917,99173.4512465916,98209.9367775966
1985-10-01,70725.01367363,70725.0136736319,72536.5210712276,100362.261626295,100362.261626295,103364.396157093
1986-01-01,71575.3824641154,71575.3824641204,70056.9901735929,100596.745039263,100596.745039264,97949.0181043826
1986-04-01,72741.2102930831,72741.2102930875,73132.8720001176,101080.48416501,101080.484165012,101475.956699583
1986-07-01,73039.8707009766,73039.8707009764,72364.099159024,101095.65199505,101095.651995051,100166.711145398
1986-10-01,73276.4592452819,73276.4592452727,74945.3105242886,101001.623819646,101001.623819642,104055.933482319
1987-01-01,73874.4807513075,73874.4807512845,72329.7450278924,101168.53772993,101168.53772992,98701.9356083563
1987-04-01,74597.7125598747,74597.7125598544,74710.2555191086,101860.316672915,101860.316672905,101846.436484483
1987-07-01,75955.312579899,75955.3125798998,75468.5824280964,103253.646035944,103253.646035943,102495.385310249
1987-10-01,77205.0260983171,77205.0260983595,79069.5693535047,103851.47648306,103851.476483079,107003.606906132
1988-01-01,77934.3823534096,77934.3823535159,76919.1091452921,104354.059033427,104354.059033477,102561.907755382
1988-04-01,78945.9702214963,78945.9702215905,78993.4087554666,104874.015312188,104874.015312236,104743.181947225
1988-07-01,80468.0544792745,80468.0544792708,79881.7245020391,106097.029449838,106097.029449837,105321.07187289
1988-10-01,82522.6752471648,82522.6752469681,84358.9752130792,107878.412186086,107878.412185988,110860.899779425
1989-01-01,83631.8804185147,83631.8804180201,82338.1851008477,108386.384351309,108386.384351055,106306.64020722
1989-04-01,85814.3287276574,85814.3287272316,86210.8651044143,110199.735073092,110199.735072883,110475.276981544
1989-07-01,87264.5734326831,87264.573432711,86458.3654822999,111157.522203738,111157.522203756,110292.855764224
1989-10-01,88956.9453139342,88956.9453148267,90562.872349383,112190.420213244,112190.420213688,114752.640871006
1990-01-01,91808.9888526874,91808.988854843,90810.9878884695,114400.886269401,114400.886270401,112647.088561066
1990-04-01,93393.7951827869,93393.7951846238,93568.5176900943,114879.649023447,114879.649024277,114837.059044424
1990-07-01,94439.244138851,94439.2441388319,93527.0459271843,114815.332111174,114815.332111244,113855.431627825
1990-10-01,95256.8810025335,95256.8809985602,96855.485112819,114151.645617162,114151.645615259,116723.337993723
1991-01-01,96921.6770866704,96921.6770758287,95642.0692797363,114404.071871588,114404.071865659,112414.737346545
1991-04-01,97276.9136233238,97276.9136136012,97602.376101816,113215.527883247,113215.52787766,113345.493660199
1991-07-01,98305.663926606,98305.6639268793,97494.6938183466,113124.624189573,113124.624189471,112345.783963475
1991-10-01,99078.6172656362,99078.617285927,100676.388351384,113349.745683146,113349.745694768,115761.886153817
1992-01-01,99828.9546721532,99828.9547210328,98942.1841407852,113996.490772357,113996.490800142,112514.883307637
1992-04-01,100088.850225306,100088.85026328,100200.689829377,113898.785683774,113898.785703716,113842.780853301
1992-07-01,99659.8382514816,99659.8382425547,98954.0201891398,113071.795874689,113071.795866845,112384.671232369
1992-10-01,99705.1879945806,99705.1879166531,101459.970091453,112504.551147121,112504.551107261,114927.075713434
1993-01-01,100044.124674662,100044.124499964,98779.5544044401,112130.612992814,112130.612910878,110359.362067843
1993-04-01,101741.354691949,101741.354534417,101557.582148256,113159.392993616,113159.392915089,112853.982303124
1993-07-01,102766.047480481,102766.047483974,102202.900303775,113590.888220233,113590.888217179,113072.796559467
1993-10-01,103728.891903041,103728.892231777,105779.569349952,114212.495721881,114212.495885494,116811.721364875
1994-01-01,104661.368334863,104661.369118571,103613.996138203,114854.912731221,114854.913111336,113330.979951035
1994-04-01,103969.547682936,103969.548367355,103532.204743637,113899.39613731,113899.396491777,113343.440414091
1994-07-01,104722.246506988,104722.246479688,104057.660913859,114835.347463447,114835.34747153,114205.068186586
1994-10-01,105039.655387124,105039.653946297,107197.905315187,115231.618808531,115231.618066297,117971.618723409
1995-01-01,104934.07864738,104956.344272035,103669.779890848,114792.901307821,114817.26084179,113119.838726537
1995-04-01,105774.793669286,105800.831431575,105236.598697804,115156.874709825,115185.226309256,114734.924304804
1995-07-01,106571.723836437,106602.131250344,105955.939187984,115747.168250793,115780.201488885,114945.792219781
1995-10-01,106343.916268673,106379.297549347,108767.129802821,115499.738301368,115538.178290167,118381.19226833
1996-01-01,107103.455426527,107107.736459333,105634.845920387,116412.671440758,116417.343094739,114557.006494509
1996-04-01,107101.815545664,107023.662902966,106720.516894617,115783.665997747,115699.197212305,115293.575049592
1996-07-01,106316.103217065,106155.726483307,105401.931629006,115616.099615957,115441.708428643,114554.107038805
1996-10-01,106515.717409449,106493.796743276,108868.364547965,116016.899325371,115993.028181249,118957.52827682
1997-01-01,106875.201091779,106936.48664179,105184.459439199,116567.226844678,116634.060008601,114394.55019269
1997-04-01,107896.252186361,107963.190107019,107868.710496821,117645.323336398,117718.300378861,117579.534896293
1997-07-01,109343.635131931,109415.564542642,108546.285147751,119367.723449375,119446.255631387,118369.869235448
1997-10-01,109646.484020167,109722.746099563,112424.45194624,119819.685761734,119903.067239253,123323.412352609
1998-01-01,110630.251179788,110594.124269106,109116.140911967,120843.300335675,120803.934648059,118844.86757185
1998-04-01,112012.652088418,111808.854200004,111407.153381998,122218.373855965,121996.130110713,121558.608914015
1998-07-01,111548.632455716,111462.893663023,110749.214023719,122014.240266333,121920.577651583,120929.821740762
1998-10-01,110585.714450043,110618.144425417,113389.100883837,121258.573830719,121294.222983535,124853.899492624
1999-01-01,111263.778660172,111340.03430565,109941.75637869,121908.042931057,121991.62521431,120103.112768507
1999-04-01,112217.612460455,112297.880242412,111639.977636106,122575.127249201,122662.801321866,122199.639493124
1999-07-01,113446.437335874,113530.774414299,112807.574571579,123483.626826595,123575.413990209,122461.447984601
1999-10-01,116277.964930043,116366.427543765,119471.121670418,126385.529020611,126481.6855748,130275.488087047
2000-01-01,117349.367292298,117370.105037473,116243.25613711,127011.608007719,127034.100262115,125470.511387523
2000-04-01,118233.422771357,118112.335162105,117254.894449603,127402.453265385,127272.046557513,126595.779397425
2000-07-01,119661.206564861,119398.457437473,118431.965355633,128388.227872268,128106.393949803,126759.91258103
2000-10-01,121651.769303159,121613.131196258,124462.578791522,129981.564707816,129940.347110816,133396.133786553
2001-01-01,122136.483973674,122249.823075037,121096.071700886,129891.827737419,130012.398021338,128326.941362261
2001-04-01,122752.344739593,122869.393749606,122031.589437563,130468.633906813,130593.048855594,129996.766003452
2001-07-01,122633.491084019,122752.934904221,121717.694752303,130436.837408668,130563.869051109,129242.475961531
2001-10-01,122451.947716196,122572.47071897,125299.254693016,130366.058234016,130494.343008337,133749.869574239
2002-01-01,122019.796869396,121944.701864712,120438.152131805,130457.547904677,130377.222947058,128392.303364553
2002-04-01,122575.312011504,122232.563667381,121772.911231423,131112.551708487,130745.89404165,130354.069686815
2002-07-01,122784.45783068,122620.73975595,121642.989757058,131213.520790436,131038.535885224,129985.578356903
2002-10-01,122216.000755025,122231.614537204,124872.79642376,130366.774818985,130383.421504774,133459.848003995
2003-01-01,122035.928593984,122148.387857978,120958.762636764,129547.71184241,129667.11354593,128014.385521036
2003-04-01,122556.381624728,122669.917690433,122192.936066571,129386.321749815,129506.208887015,128947.860797915
2003-07-01,123840.907603647,123955.427598458,122837.201578375,130542.210252865,130662.930069825,129627.229866542
2003-10-01,125230.547668471,125345.958646583,128118.701317959,131878.548613272,132000.042358305,135203.106101275
2004-01-01,126100.075165846,126143.452247128,124951.421683462,132740.367409035,132785.911423672,131356.957054533
2004-04-01,127008.764660634,126897.269000914,126690.699997135,133701.612613708,133584.083852352,133183.728107454
2004-07-01,127159.13502271,126892.780303957,125712.033633438,133761.082047095,133480.734390252,132552.15067153
2004-10-01,127969.968714155,127938.062252416,130887.017729202,134239.027217754,134205.420178611,137318.289124396
2005-01-01,129283.944800865,129403.492615224,127840.606704258,135334.426919964,135459.493080982,133652.773855578
2005-04-01,131075.716570607,131197.1959955,131196.87550298,137021.036850163,137148.006993518,137100.984710823
2005-07-01,133044.769748447,133169.18353237,132256.657355147,138387.267535427,138516.711708242,137533.518781172
2005-10-01,135075.983025887,135204.332636079,137800.808172499,139745.624130398,139878.495281844,142811.764737609
2006-01-01,137649.347179031,137583.962448119,136425.527765881,141442.752498523,141375.696698399,139777.395570864
2006-04-01,139567.573535224,139224.776587284,138729.750551625,142669.807979087,142319.54519246,141787.540142689
2006-07-01,141088.737561208,140937.05190504,140161.149693975,143728.652356813,143574.282877471,142666.164699005
2006-10-01,144036.451100132,144075.121857965,146322.01386226,145726.872130621,145766.12887778,148584.094226472
2007-01-01,146358.638624734,146472.438303507,145022.230098603,146758.014851479,146872.209295881,144946.964683996
2007-04-01,149179.195621451,149295.87974461,148896.055521301,148803.220910501,148919.645912581,148507.263925987
2007-07-01,151060.776376391,151181.35024371,150221.750247027,150105.155940182,150224.95102372,149313.046880795
2007-10-01,152814.973224681,152940.438360437,155328.699104546,150969.004654357,151092.885945776,153892.20967024
2008-01-01,154354.639175361,154395.835751161,152320.252599444,151947.816370273,151988.249136826,149488.493893044
2008-04-01,156571.918539273,156413.436417143,156475.067662371,153627.637414276,153471.987695077,153522.595501428
2008-07-01,157221.642603003,156862.547993615,156300.407603627,154519.452449285,154166.386463957,153701.401146569
2008-10-01,154089.358555394,154040.360392976,156840.737211078,150995.081470349,150946.960934517,154049.416956934
2009-01-01,151738.607736578,151913.772242099,150171.028208321,148568.081349288,148739.542767959,146513.359443746
2009-04-01,152236.360024135,152412.663554934,151884.241706639,149034.007101121,149206.599694495,148757.728748487
2009-07-01,153912.142747589,154088.507919368,153748.81206664,150328.518374499,150500.795074928,150283.841628499
2009-10-01,155112.381854675,155287.7263532,158217.061062738,151228.492804753,151399.463814761,154582.888046867
2010-01-01,157047.362465162,156904.855805529,155000.859179137,153057.077727815,152918.186269434,150796.116463382
2010-04-01,158560.475186817,158016.596041401,157866.668415184,154252.87097601,153723.752482883,153536.376885597
2010-07-01,159300.675827921,159025.013920564,158358.239078778,155027.989304789,154759.710634882,154292.875671684
2010-10-01,160721.894409158,160715.923510895,163978.234699641,156171.358864815,156165.565176859,159429.046124344
2011-01-01,161138.651009549,161371.14146134,159826.896075901,156256.348729321,156481.836198901,154627.205638232
2011-04-01,162011.351022999,162246.792389673,162108.632155396,157507.936340359,157736.870270408,157472.936329002
2011-07-01,161029.929997144,161267.241865191,160387.168670104,156707.274790546,156938.211528967,156140.363986272
2011-10-01,161491.749786833,161729.85526333,164432.910296435,157142.671764837,157374.280918387,160386.179446557
2012-01-01,162612.368360574,162642.872789726,161079.706018191,157810.589658089,157839.9917105,155760.413734556
2012-04-01,163006.09162782,162796.246417083,162642.087478373,158180.358001695,157976.460280331,157705.085373592
2012-07-01,164514.460772271,164064.021759492,162632.081263704,159525.680662521,159088.624468181,157973.457884601
2012-10-01,164609.17727339,164518.324941036,167319.117068511,159637.05972345,159548.718438711,162627.310065763
2013-01-01,165115.823921882,165289.579044227,162736.646182477,160224.721914611,160393.195119444,157661.607013357
2013-04-01,166392.630513985,166567.755952544,166701.428011769,161348.026146574,161517.801012595,161388.952669842
2013-07-01,167377.750868502,167556.145530566,166646.53204045,162464.342953441,162637.549698104,161827.980689782
2013-10-01,167753.679138023,167937.219574961,170836.65356252,162854.021989368,163032.335801364,166232.350016616
2014-01-01,168631.646758509,168514.612703788,166351.857663625,163906.900220584,163793.360334227,161305.039307836
2014-04-01,169917.757457462,169406.120974311,169048.185464397,165377.64698812,164879.928711737,164475.251060719
2014-07-01,170186.724081921,169951.025262685,169219.97479412,166367.439751112,166137.261356355,165238.96260208
2014-10-01,170282.729043862,170323.545479457,173578.378368144,167250.417634108,167290.669722024,171041.948871081
2015-01-01,169589.24049041,169856.69732609,167605.687836027,166950.761646018,167214.097936368,164673.929710155
2015-04-01,169250.581472658,169527.424067123,169430.667793467,167220.435781371,167493.93301796,167298.336680266
2015-07-01,169881.475563292,170167.86340609,169609.259975457,168380.512491525,168664.336343476,167918.703621472
2015-10-01,170574.856612608,170870.917609264,174113.872350532,169630.183039812,169924.619754245,173727.864473326
2016-01-01,171200.492166898,171219.289105289,168920.027751412,170470.533394979,170489.373353801,168083.499648244
2016-04-01,172201.337417503,171893.837467331,172445.064906671,171283.353036986,170977.67772724,171247.531782552
2016-07-01,172811.498093231,172179.181643018,171242.251228646,172007.487409557,171378.312281796,170270.248999997
2016-10-01,172130.685133293,172018.918896445,174764.059699398,171560.087355184,171448.858064538,174730.870963017
2017-01-01,171724.48822995,171946.14376017,170579.600792404,171668.850504004,171890.520716294,170086.702574809
2017-04-01,172809.562067579,173043.758148371,172339.701323612,173069.51306916,173304.085184347,172931.11367204
2017-07-01,174577.832496193,174821.633882499,173884.333335955,174418.528269159,174662.085724644,173459.098593127
2017-10-01,176953.26647534,177203.727914617,179989.128813049,176172.677747834,176421.985435405,179565.934731087
2018-01-01,178887.250112846,178726.503240703,176506.477541564,178409.998806368,178249.622833449,175819.120316179
2018-04-01,182234.417790806,181471.528317942,181461.923621145,180340.037738276,179585.017623939,179618.189139585
2018-07-01,181737.197168559,181375.913908193,179918.498001158,179696.466347786,179339.182539901,177961.626651308
2018-10-01,181992.891195688,182030.278237608,185248.813163835,180243.081103402,180280.060441052,183588.03837655
2019-01-01,182301.706998529,182530.022475243,180563.723533351,180398.153955501,180624.052695216,178279.402728895
2019-04-01,183293.101862135,183517.482109029,182941.369100014,181602.958140658,181825.251451664,181337.625958388
2019-07-01,183415.842404751,183638.350245391,182490.165971093,182148.208302245,182369.174588578,181301.478268534
2019-10-01,183226.919281413,183449.628551954,186703.422733222,182523.07687623,182744.940393333,186205.533081602
2020-01-01,180351.76277699,180676.921902151,178738.677623204,180444.865563151,180770.21480618,178385.377138996
2020-04-01,168537.877158197,168866.166122186,168349.100036466,168932.02047602,169261.096645753,168839.746520385
2020-07-01,179107.164914332,179438.340928527,178818.202733595,179221.53346404,179552.927120173,178856.864095062
2020-10-01,181462.387776952,181797.017299991,185267.871133033,180860.773123262,181194.270754243,185091.930767896
2021-01-01,183621.115869526,183738.610601536,181594.569595856,182148.945559849,182265.432639497,179993.788007039
2021-04-01,190367.32325751,190161.366290486,190311.110829188,187163.916960811,186961.315669317,187025.660150916
2021-07-01,195525.382661496,194995.068244243,194057.088768426,191224.539428335,190705.735670624,189950.403571683
2021-10-01,198194.481310173,198153.018808001,201656.344125707,192679.662189463,192639.156600435,196081.644060345
2022-01-01,201222.532396518,201198.399244354,199613.13332489,193095.181254772,193071.78599829,191218.510604996
2022-04-01,204262.536140268,203770.126750656,203714.996613362,194892.531626345,194422.470836685,194257.328367284
2022-07-01,206412.516430924,205809.003551548,204514.61386359,195965.680685564,195392.508386572,194282.389607946
2022-10-01,207673.622129342,207081.091651222,210148.35701841,196333.062850801,195772.759738098,198949.599715502
2023-01-01,208784.783543252,209096.870392365,207704.612166291,196711.873285378,197005.898170852,194994.58305594
2023-04-01,207830.019705992,208158.269069715,208093.142265896,196006.285435739,196315.914202095,196136.306707715
2023-07-01,208437.860626637,208783.869559492,207639.423256183,196860.117488806,197186.986783887,195812.249411791
2023-10-01,209356.192596148,209721.584888031,212104.371038118,197532.53545484,197877.352187331,201108.896310694
2024-01-01,210657.036891187,210834.456792951,208994.890760916,197544.7562218,197711.12883272,195234.154570819
2024-04-01,213115.463543433,212934.010252357,212978.874250609,199472.81677413,199302.936675236,199335.547093736
2024-07-01,214845.491029031,214303.260876926,213490.722678485,200328.469054486,199822.822189602,198884.21604688
2024-10-01,215593.368754133,215633.921800095,217986.786593457,200725.019517534,200762.734941139,203790.500949328
2025-01-01,217887.444024546,218079.535692747,216314.719638806,202350.686119039,202529.080567779,200295.059402913
2025-04-01,217908.348489805,218116.614770169,217816.548307877,202640.520413404,202834.225656088,202487.810124707
2025-07-01,216156.403587015,216383.110060484,215620.43407456,201780.955541408,201992.636722233,200925.633612776
2025-10-01,215833.523091827,216080.937851743,218917.254858662,202217.968431386,202449.837691272,206000.265028988
2026-01-01,218742.230456026,218513.461651998,216396.532672601,203544.329487444,203331.517668815,200857.665641421
